NDays35.5YrMean,NDays35.5Yr.Sum,NDays35.10YrMean,NDays35.10Yr.Sum,Ndays5.5YrMean,Ndays5.5YrSum,Ndays5.10YrMean,Ndays5.10YrSum,Tmean.5YrMean,Tmean.10YrMean,TotalRain.5YrSum,TotalRain.10YrSum,,SAMPLE.ID,COLLECTION.ID,COLLECTION,ID,RecordID_ALA.ORIGINAL,RecordID_ALA,CatalogNumber,SEX,SPECIES,COMMON.NAME,DATE,Period,Year,Age,LATITUDE,LONGITUDE,STATE,MISSINGNESS,INBREEDING,DEPTH,PC1,PC2,PC3,MonthCapture,YearCapture,YearCat,distance2coast_m,elevation,IBRA_REG_CODE_7,IBRA_REG_NAME_7,NOTE
53.6,268,58.4,584,45.4,227,44,440,19.7080121,19.76493615,0.025529847,0.060552539,1,ANWC100,B48221,ANWC,ANWC100_R1.fastq.gz,5a26ae5e-ab5c-4564-8e18-35641ab0bd1b,5a26ae5e-ab5c-4564-8e18-35641ab0bd1b,B48221,M,Malurus assimilis,Purple-Backed Fairy Wren,29/08/1996,1996 - 2000,1996,23,-31.1189,139.5664,SA,0.0960527,0.10018983,2.60025,0.374303218,-0.010105025,0.013905508,8,1996,1996,232822.9991,24.12895012,BHC,Broken Hill Complex,NA
48.4,242,53.2,532,71.2,356,67.7,677,19.08388801,19.08387274,0.035496652,0.08610824,2,ANWC101,B48235,ANWC,ANWC101_R1.fastq.gz,fe0f6ed2-facc-446f-be95-aa3f17eab95f,fe0f6ed2-facc-446f-be95-aa3f17eab95f,B48235,M,Malurus assimilis,Purple-Backed Fairy Wren,30/08/1996,1996 - 2000,1996,23,-30.3228,139.3806,SA,0.094201,0.12469589,2.6288,0.300511557,-0.014319114,0.01053378,8,1996,1996,295268.8715,277.7473145,FLB,Flinders Lofty Block,NA
45.6,228,50.2,502,72.2,361,68.7,687,18.8675159,18.8748178,0.036987229,0.0964597,3,ANWC102,B48236,ANWC,ANWC102_R1.fastq.gz,5164a108-ff2e-4557-8763-179dba2761c4,5164a108-ff2e-4557-8763-179dba2761c4,B48236,M,Malurus assimilis,Purple-Backed Fairy Wren,30/08/1996,1996 - 2000,1996,23,-30.4658,139.3111,SA,0.0788539,0.12548099,2.9786,0.317434504,-0.016640598,0.009936427,8,1996,1996,275812.4076,190.5733948,FLB,Flinders Lofty Block,NA
33.4,167,38,380,74.4,372,73.3,733,17.38003143,17.43887096,0.056334022,0.124940066,4,ANWC103,B48315,ANWC,ANWC103_R1.fastq.gz,54454424-c86c-4323-827e-a642d6497dda,54454424-c86c-4323-827e-a642d6497dda,B48315,M,Malurus assimilis,Purple-Backed Fairy Wren,2/09/1996,1996 - 2000,1996,23,-31.8356,138.3494,SA,0.0800985,0.12836471,2.92334,0.335870608,-0.010860216,0.010380996,9,1996,1996,99991.51264,269.6065063,FLB,Flinders Lofty Block,NA
26.2,131,27.6,276,48.2,241,45.5,455,17.24707656,17.24624442,0.045194242,0.098205005,5,ANWC104,B48426,ANWC,ANWC104_R1.fastq.gz,b5a58981-9c99-4633-b0d3-dbcf28a2f2d6,b5a58981-9c99-4633-b0d3-dbcf28a2f2d6,B48426,M,Malurus assimilis,Purple-Backed Fairy Wren,7/09/1996,1996 - 2000,1996,23,-32.0911,133.6228,SA,0.159332,0.13024583,1.93588,-0.095547216,-0.053593109,-0.019511794,9,1996,1996,7455.212941,23.37136078,EYB,Eyre Yorke Block,NA
49,245,58.7,587,55.4,277,52.3,523,20.11318781,20.39053322,0.065956774,0.163078218,6,ANWC105,B49330,ANWC,ANWC105_R1.fastq.gz,6bc82c9f-1429-483a-a448-e74d2d437fb7,6bc82c9f-1429-483a-a448-e74d2d437fb7,B49330,M,Malurus assimilis,Purple-Backed Fairy Wren,14/10/1997,1996 - 2000,1997,22,-29.4217,147.555,NSW,0.154911,0.09964541,2.00354,0.470163555,-0.003085691,0.017553711,10,1997,1997,533366.7131,129.9203033,DRP,Darling Riverine Plains,NA
60.8,304,65.1,651,46.6,233,42.8,428,20.38501906,20.5927034,0.060458845,0.13965864,7,ANWC106,B49357,ANWC,ANWC106_R1.fastq.gz,7513b158-1cba-451c-9df0-446604aa5924,7513b158-1cba-451c-9df0-446604aa5924,B49357,M,Malurus assimilis,Purple-Backed Fairy Wren,15/10/1997,1996 - 2000,1997,22,-29.9222,145.7606,NSW,0.119206,0.09375598,2.20522,0.601993058,-0.012374825,0.036948433,10,1997,1997,656184.4973,102.9981003,MUL,Mulga Lands,NA
60.8,304,65.1,651,46.6,233,42.8,428,20.38501906,20.5927034,0.060458845,0.13965864,8,ANWC107,B49358,ANWC,ANWC107_R1.fastq.gz,0e5c7faf-f4bc-48ce-af5d-991351a59bbb,0e5c7faf-f4bc-48ce-af5d-991351a59bbb,B49358,M,Malurus assimilis,Purple-Backed Fairy Wren,15/10/1997,1996 - 2000,1997,22,-29.9222,145.7606,NSW,0.0430202,0.09040311,3.64599,0.561074192,-0.015494693,0.038523704,10,1997,1997,656184.4973,102.9981003,MUL,Mulga Lands,NA
42.6,213,49.7,497,31,155,28.7,287,19.23104041,19.4350451,0.036535789,0.07694762,9,ANWC108,B49438,ANWC,ANWC108_R1.fastq.gz,0ae2e56c-bbae-416b-bd83-0f83a46d5541,0ae2e56c-bbae-416b-bd83-0f83a46d5541,B49438,M,Malurus assimilis,Purple-Backed Fairy Wren,18/10/1997,1996 - 2000,1997,22,-31.1583,141.2942,NSW,0.0657053,0.09407026,3.04118,0.387950498,-0.007616078,0.018892526,10,1997,1997,362140.7418,138.8618011,BHC,Broken Hill Complex,NA
41.4,207,48.1,481,52.8,264,45.9,459,18.50781871,18.73232367,0.0502511,0.097742941,10,ANWC109,B49452,ANWC,ANWC109_R1.fastq.gz,aa700b0d-8ea3-4db3-9109-ad8a7fd2283e,aa700b0d-8ea3-4db3-9109-ad8a7fd2283e,B49452,M,Malurus assimilis,Purple-Backed Fairy Wren,19/10/1997,1996 - 2000,1997,22,-32.2111,142.2208,NSW,0.0747729,0.12378978,2.81289,0.467378014,-0.013821919,0.024068385,10,1997,1997,403367.3592,73.0911026,BHC,Broken Hill Complex,NA
25.6,128,24.3,243,90.6,453,86.5,865,16.3688859,16.42553275,0.076946572,0.179636402,11,ANWC110,B49626,ANWC,ANWC110_R1.fastq.gz,3085d0fd-8fe3-4289-9dfb-1d73e58be9fc,3085d0fd-8fe3-4289-9dfb-1d73e58be9fc,B49626,M,Malurus assimilis,Purple-Backed Fairy Wren,10/11/1998,1996 - 2000,1998,21,-34.0167,147.085,NSW,0.11543,0.12671722,2.29716,0.522521156,-0.000877845,0.02566867,11,1998,1998,343792.689,282.0733032,NSS,NSW South Western Slopes,NA
183.8,919,184.6,1846,0,0,0,0,27.86279564,28.03468065,0.130849964,0.257626741,12,ANWC112,B50538,ANWC,ANWC112_R1.fastq.gz,2d96f570-35c6-4197-bdab-57e170a658c0,2d96f570-35c6-4197-bdab-57e170a658c0,B50538,F,Malurus assimilis,Purple-Backed Fairy Wren,29/09/2004,2001 - 2005,2004,15,-17.7086,123.6261,WA,0.0618485,0.23942086,3.95828,-0.232235859,0.046431981,0.030197959,9,2004,2004,24494.61165,1.940161943,DAL,Dampierland,NA
170.8,854,171.8,1718,0,0,0.3,3,27.82864841,27.65944881,0.158129508,0.328519112,13,ANWC113,B52435,ANWC,ANWC113_R1.fastq.gz,6569487c-83d4-493d-9930-250bf93ed5ea,6569487c-83d4-493d-9930-250bf93ed5ea,B52435,F,Malurus assimilis,Purple-Backed Fairy Wren,14/07/2009,2006 - 2010,2009,10,-14.761,134.192,WA,0.0893604,0.18574777,3.00442,-0.199754708,0.116621073,-0.014835477,7,2009,2009,132570,56.27629089,GFU,Gulf Fall and Uplands,NA
102.8,514,130.6,1306,18.6,93,22.6,226,24.07564848,24.11798964,0.06557776,0.106502279,14,ANWC115,B52745,ANWC,ANWC115_R1.fastq.gz,NA,cf291072-9a61-465e-8b2f-2cea9ef6cc03,NA,M,Malurus assimilis,Purple-Backed Fairy Wren,3/11/2009,2006 - 2010,2009,10,-24.1106,143.1869,QLD,0.0329289,0.09184673,4.1622,0.440149268,0.014566992,0.012371063,11,2009,2009,653223.6684,178.7265015,MGD,Mitchell Grass Downs,used data from other specimens from same location
104.4,522,129.8,1298,18.6,93,22.6,226,23.8214012,24.11313748,0.062258405,0.106502279,15,ANWC116,B52746,ANWC,ANWC116_R1.fastq.gz,NA,cf291072-9a61-465e-8b2f-2cea9ef6cc03,NA,M,Malurus assimilis,Purple-Backed Fairy Wren,3/11/2009,2006 - 2010,2009,10,-24.1106,143.1869,QLD,0.0537862,0.0938411,3.50413,0.450976627,0.010181933,0.010623349,11,2009,2009,653223.6684,178.7265015,MGD,Mitchell Grass Downs,used data from other specimens from same location
30.2,151,40.2,402,68.8,344,67.1,671,19.78446999,19.78799278,0.107494948,0.200943131,16,ANWC117,B52750,ANWC,ANWC117_R1.fastq.gz,NA,fe7dffb2-f5ae-4399-b920-f162d69dfb09,NA,F,Malurus assimilis,Purple-Backed Fairy Wren,10/11/2009,2006 - 2010,2009,10,-29.4706,149.8464,NSW,0.101099,0.10000011,2.49924,0.455363595,0.001968252,0.011434768,11,2009,2009,323720.9493,240.4832001,BBS,Brigalow Belt South,used data from other specimens from same location
29.6,148,40.1,401,68.8,344,67.1,671,20.06874412,19.78289866,0.106946561,0.200714099,17,ANWC118,B52751,ANWC,ANWC118_R1.fastq.gz,NA,fe7dffb2-f5ae-4399-b920-f162d69dfb09,NA,M,Malurus assimilis,Purple-Backed Fairy Wren,10/11/2009,2006 - 2010,2009,10,-29.4706,149.8464,NSW,0.109441,0.12691192,2.50521,0.455916447,0.002571099,0.014379248,11,2009,2009,323720.9493,240.4832001,BBS,Brigalow Belt South,used data from other specimens from same location
153.4,767,148.2,1482,0,0,0,0,27.8094959,27.89695789,0.256004674,0.493214583,18,ANWC119,B53877,ANWC,ANWC119_R1.fastq.gz,NA,5ec07878-9663-46d6-86ad-58a5e4a3de2e,NA,F,Malurus assimilis,Purple-Backed Fairy Wren,10/10/2015,2011 - 2015,2015,4,-13.431,132.419,NT,0.0590111,0.17956407,3.55365,-0.225567946,0.054636536,0.028350633,10,2015,2015,117810,100.7722015,ARP,Arnhem Plateau,used data from other specimens from same location
66,330,58.4,584,50.2,251,49.6,496,20.12780674,19.93412213,0.025469425,0.055604464,19,ANWC126,B54028,ANWC,ANWC126_R1.fastq.gz,137984ca-f2f6-4770-ae56-44a999813565,137984ca-f2f6-4770-ae56-44a999813565,B54028,F,Malurus assimilis,Purple-Backed Fairy Wren,1/08/2008,2006 - 2010,2008,11,-29.5719,128.4172,WA,0.0257783,0.08939377,4.15291,-0.2522429,-0.155854832,-0.047448066,8,2008,2008,242875.1753,209.3856049,NUL,Nullarbor,NA
85,425,73.4,734,52.8,264,50.9,509,20.96908236,20.65639563,0.033085238,0.073657174,20,ANWC128,B54114,ANWC,ANWC128_R1.fastq.gz,f85ca02f-215a-4c6b-bbcd-ceedf21444d8,f85ca02f-215a-4c6b-bbcd-ceedf21444d8,B54114,M,Malurus assimilis,Purple-Backed Fairy Wren,4/08/2008,2006 - 2010,2008,11,-28.5586,127.3619,WA,0.0508884,0.18227711,4.60444,-0.274372851,-0.134191571,-0.044940438,8,2008,2008,380757.991,339.4086914,GVD,Great Victoria Desert,NA
86.8,434,75.7,757,53.6,268,50.3,503,21.07826896,20.75789575,0.03387087,0.075126294,21,ANWC129,B54119,ANWC,ANWC129_R1.fastq.gz,cee1c91f-182b-4fd1-b974-865af3f8b32b,cee1c91f-182b-4fd1-b974-865af3f8b32b,B54119,M,Malurus assimilis,Purple-Backed Fairy Wren,4/08/2008,2006 - 2010,2008,11,-28.4661,127.445,WA,0.0772565,0.0996539,2.90795,-0.294316603,-0.141233281,-0.042796305,8,2008,2008,386780.8931,308.6156921,GVD,Great Victoria Desert,NA
83.4,417,72.1,721,53.4,267,50.5,505,20.89593693,20.60551224,0.032535103,0.071646657,22,ANWC130,B54133,ANWC,ANWC130_R1.fastq.gz,97f5072c-b831-476f-9cc8-740906154f45,97f5072c-b831-476f-9cc8-740906154f45,B54133,M,Malurus assimilis,Purple-Backed Fairy Wren,5/08/2008,2006 - 2010,2008,11,-28.5339,128.2333,WA,0.20927,0.49589434,3.89226,-0.327106101,-0.175328668,-0.059209534,8,2008,2008,357695.3918,339.9645996,GVD,Great Victoria Desert,NA
82.6,413,71.1,711,53.6,268,51,510,20.85160976,20.547709,0.034160622,0.075211038,23,ANWC131,B54149,ANWC,ANWC131_R1.fastq.gz,e66d13cb-79a2-4508-a193-7f2f6efac501,e66d13cb-79a2-4508-a193-7f2f6efac501,B54149,M,Malurus assimilis,Purple-Backed Fairy Wren,5/08/2008,2006 - 2010,2008,11,-28.4636,128.0967,WA,0.135805,0.09967743,2.1983,-0.293461164,-0.121912047,-0.034151695,8,2008,2008,370961.9195,332.9543152,GVD,Great Victoria Desert,NA
92.4,462,80.6,806,49.4,247,50.1,501,21.40463955,21.04240048,0.03746619,0.080910757,24,ANWC132,B54256,ANWC,ANWC132_R1.fastq.gz,177f1a76-2dc2-4c1a-9481-cb5ddccc1b32,177f1a76-2dc2-4c1a-9481-cb5ddccc1b32,B54256,F,Malurus assimilis,Purple-Backed Fairy Wren,11/08/2008,2006 - 2010,2008,11,-28.2997,125.9081,WA,0.0736281,0.09322575,2.75582,-0.290936855,-0.130735058,-0.040624581,8,2008,2008,440900.5971,325.2197876,GVD,Great Victoria Desert,NA
92.4,462,80.6,806,49.4,247,50.1,501,21.40463955,21.04240048,0.03746619,0.080910757,25,ANWC133,B54257,ANWC,ANWC133_R1.fastq.gz,f4c8330b-cb02-4e06-a728-65c2163b27b4,f4c8330b-cb02-4e06-a728-65c2163b27b4,B54257,M,Malurus assimilis,Purple-Backed Fairy Wren,11/08/2008,2006 - 2010,2008,11,-28.2997,125.9081,WA,0.143314,0.37522253,4.31129,-0.328133562,-0.165631026,-0.048147288,8,2008,2008,440900.5971,325.2197876,GVD,Great Victoria Desert,NA
87.8,439,75.3,753,54.6,273,55.2,552,21.04954769,20.6896672,0.038693102,0.08380782,26,ANWC134,B54278,ANWC,ANWC134_R1.fastq.gz,NA,153f69e4-7a80-4dfa-8fc6-9765613cb5de,NA,F,Malurus assimilis,Purple-Backed Fairy Wren,11/08/2008,2006 - 2010,2008,11,-28.3039,126.1844,WA,0.0334658,0.08998862,3.80538,-0.292005157,-0.154832931,-0.051195246,8,2008,2008,438268.1358,389.6064148,GVD,Great Victoria Desert,used data from other specimens from same location
94.4,472,80.2,802,57.8,289,57.6,576,21.24957778,20.8703568,0.041779781,0.088901629,27,ANWC135,B54287,ANWC,ANWC135_R1.fastq.gz,c3f7ff0f-2be6-481c-94c2-13a255ea5f45,c3f7ff0f-2be6-481c-94c2-13a255ea5f45,B54287,M,Malurus assimilis,Purple-Backed Fairy Wren,12/08/2008,2006 - 2010,2008,11,-28.0342,126.0433,WA,0.0276421,0.08844443,3.98807,-0.236039488,-0.112943117,-0.04603591,8,2008,2008,467283.8701,395.9198914,GVD,Great Victoria Desert,NA
94.4,472,80.2,802,57.8,289,57.6,576,21.24957778,20.8703568,0.041779781,0.088901629,28,ANWC136,B54288,ANWC,ANWC136_R1.fastq.gz,c2dc3387-74df-4a35-b647-e48d5d40b2c8,c2dc3387-74df-4a35-b647-e48d5d40b2c8,B54288,M,Malurus assimilis,Purple-Backed Fairy Wren,12/08/2008,2006 - 2010,2008,11,-28.0342,126.0433,WA,0.151054,0.36369422,3.29053,-0.320160561,-0.158811863,-0.048644441,8,2008,2008,467283.8701,395.9198914,GVD,Great Victoria Desert,NA
100.2,501,92.4,924,0,0,0,0,27.16625004,27.11242394,0.171191893,0.381930123,29,ANWC137,B54435,ANWC,ANWC137_R1.fastq.gz,36186e58-c406-4bed-8a61-79ebc2a168db,36186e58-c406-4bed-8a61-79ebc2a168db,B54435,M,Malurus assimilis,Purple-Backed Fairy Wren,3/07/2009,2006 - 2010,2009,10,-15.642,136.419,NT,0.165927,0.37454757,3.05831,-0.196146619,0.265571847,-0.119915755,7,2009,2009,0,1.574169993,GUC,Gulf Coastal,NA
100.2,501,92.4,924,0,0,0,0,27.16625004,27.11242394,0.171191893,0.381930123,30,ANWC138,B54436,ANWC,ANWC138_R1.fastq.gz,4c20c8c7-30b6-4e52-a7cd-979da09777a0,4c20c8c7-30b6-4e52-a7cd-979da09777a0,B54436,F,Malurus assimilis,Purple-Backed Fairy Wren,3/07/2009,2006 - 2010,2009,10,-15.642,136.419,NT,0.0974434,0.12871915,2.69643,-0.17527652,0.247883296,-0.11070067,7,2009,2009,0,1.574169993,GUC,Gulf Coastal,NA
105.4,527,98.1,981,0,0,0,0,27.1910442,27.12538703,0.165899491,0.377799503,31,ANWC139,B54458,ANWC,ANWC139_R1.fastq.gz,82a50e31-cbea-4160-a0f9-2f7ab9aaade2,82a50e31-cbea-4160-a0f9-2f7ab9aaade2,B54458,M,Malurus assimilis,Purple-Backed Fairy Wren,3/07/2009,2006 - 2010,2009,10,-15.913,136.544,NT,0.0371472,0.18206705,3.92732,-0.0956768,0.16108998,-0.091532552,7,2009,2009,17531.60004,1.403391004,GUC,Gulf Coastal,NA
170.8,854,171.8,1718,0,0,0.3,3,27.82864841,27.65944881,0.158129508,0.328519112,32,ANWC140,B54701,ANWC,ANWC140_R1.fastq.gz,fcde843f-333e-4cc0-adb6-4f5dd089c7c2,fcde843f-333e-4cc0-adb6-4f5dd089c7c2,B54701,M,Malurus assimilis,Purple-Backed Fairy Wren,14/07/2009,2006 - 2010,2009,10,-14.761,134.192,NT,0.0385292,0.176329,4.20415,-0.209881279,0.151275901,0.002723732,7,2009,2009,132570,56.27629089,GFU,Gulf Fall and Uplands,NA
148.8,744,142.3,1423,0,0,0,0,27.18827165,27.13127165,0.181912492,0.364440398,33,ANWC141,B54738,ANWC,ANWC141_R1.fastq.gz,b7084ee4-a426-4513-b694-59c687ecd597,b7084ee4-a426-4513-b694-59c687ecd597,B54738,M,Malurus assimilis,Purple-Backed Fairy Wren,17/07/2009,2006 - 2010,2009,10,-14.17,133.728,NT,0.0169914,0.09007522,4.91115,-0.200553049,0.144823595,-0.00697968,7,2009,2009,191864.83,164.585907,GFU,Gulf Fall and Uplands,NA
148.8,744,142.3,1423,0,0,0,0,27.18827165,27.13127165,0.181912492,0.364440398,34,ANWC142,B54739,ANWC,ANWC142_R1.fastq.gz,42ddfaac-93b7-4555-8d05-adfe212cf7a3,42ddfaac-93b7-4555-8d05-adfe212cf7a3,B54739,F,Malurus assimilis,Purple-Backed Fairy Wren,17/07/2009,2006 - 2010,2009,10,-14.17,133.728,NT,0.151362,0.12723684,3.33774,-0.232793397,0.121301999,-0.000114714,7,2009,2009,191864.83,164.585907,GFU,Gulf Fall and Uplands,NA
148.8,744,142.3,1423,0,0,0,0,27.18827165,27.13127165,0.181912492,0.364440398,35,ANWC143,B54740,ANWC,ANWC143_R1.fastq.gz,2f81eee4-1f15-471c-a0c5-ddc391c517a0,2f81eee4-1f15-471c-a0c5-ddc391c517a0,B54740,M,Malurus assimilis,Purple-Backed Fairy Wren,17/07/2009,2006 - 2010,2009,10,-14.172,133.741,NT,0.130807,0.1397974,2.36944,-0.215126908,0.108083226,-0.005258544,7,2009,2009,191864.83,125.0743027,GFU,Gulf Fall and Uplands,NA
164.8,824,154.5,1545,2.2,11,2.2,22,26.60943743,26.47391234,0.144292235,0.312018693,36,ANWC144,B54778,ANWC,ANWC144_R1.fastq.gz,8a436eb7-435d-40f4-86ee-9cc1d556ff2a,8a436eb7-435d-40f4-86ee-9cc1d556ff2a,B54778,M,Malurus assimilis,Purple-Backed Fairy Wren,18/07/2009,2006 - 2010,2009,10,-15.856,133.609,NT,0.0340605,0.12026881,4.22011,-0.190764709,0.113346487,0.001551122,7,2009,2009,223460.0369,180.767395,STU,Sturt Plateau,NA
145.4,727,145.1,1451,0,0,0,0,26.72309262,26.70426207,0.153191841,0.325088376,37,ANWC145,B55126,ANWC,ANWC145_R1.fastq.gz,4e29b920-9bb6-49d9-bd84-6290cf530495,4e29b920-9bb6-49d9-bd84-6290cf530495,B55126,M,Malurus assimilis,Purple-Backed Fairy Wren,18/07/2010,2006 - 2010,2010,9,-16.4463,127.9837,WA,0.0817227,0.18839481,2.92264,-0.457598296,0.210180792,0.221934794,7,2010,2010,106703.0281,180.0895996,VIB,Victoria Bonaparte,NA
145.4,727,145.1,1451,0,0,0,0,26.72309262,26.70426207,0.153191841,0.325088376,38,ANWC146,B55160,ANWC,ANWC146_R1.fastq.gz,6ac1a924-c39e-4b3c-8679-279611a7a567,6ac1a924-c39e-4b3c-8679-279611a7a567,B55160,M,Malurus assimilis,Purple-Backed Fairy Wren,19/07/2010,2006 - 2010,2010,9,-16.429,127.9829,WA,0.0322866,0.12254587,4.16678,-0.446609656,0.224287082,0.24055615,7,2010,2010,106703.0281,174.842804,VIB,Victoria Bonaparte,NA
217.2,1086,209.6,2096,0.4,2,1.3,13,27.68644311,27.51919661,0.085839815,0.183446121,39,ANWC147,B55220,ANWC,ANWC147_R1.fastq.gz,c2b5a929-bcd3-4c3c-b63b-65f7330739f6,c2b5a929-bcd3-4c3c-b63b-65f7330739f6,B55220,M,Malurus assimilis,Purple-Backed Fairy Wren,21/07/2010,2006 - 2010,2010,9,-18.7082,126.0601,WA,0.083583,0.18428822,2.89823,-0.440090398,0.342893022,0.386251868,7,2010,2010,280157.4973,239.5233002,OVP,Ord Victoria Plain,NA
217.2,1086,209.6,2096,0.4,2,1.3,13,27.68644311,27.51919661,0.085839815,0.183446121,40,ANWC148,B55221,ANWC,ANWC148_R1.fastq.gz,ANWC_0055,ANWC_0055,B55221,,Malurus assimilis,Purple-Backed Fairy Wren,21/07/2010,2006 - 2010,2010,9,-18.7082,126.0601,WA,0.0381448,0.12199261,3.67436,-0.391421927,0.329717498,0.374339867,7,2010,2010,280157.4973,239.5233002,OVP,Ord Victoria Plain,NA
206.4,1032,199.4,1994,0.4,2,1.5,15,27.37932173,27.22285803,0.083251702,0.179159183,41,ANWC150,B55255,ANWC,ANWC150_R1.fastq.gz,ANWC_0056,ANWC_0056,B55255,M,Malurus assimilis,Purple-Backed Fairy Wren,22/07/2010,2006 - 2010,2010,9,-18.7338,126.0972,WA,0.0522183,0.12498853,3.61833,-0.325716189,0.149968532,0.155816041,7,2010,2010,287328.5132,291.7756042,OVP,Ord Victoria Plain,NA
217.2,1086,209.6,2096,0.4,2,1.3,13,27.68644311,27.51919661,0.085839815,0.183446121,42,ANWC151,B55256,ANWC,ANWC151_R1.fastq.gz,3d5bbf3e-8ed5-4339-ba0e-a537713bf1a1,3d5bbf3e-8ed5-4339-ba0e-a537713bf1a1,B55256,M,Malurus assimilis,Purple-Backed Fairy Wren,22/07/2010,2006 - 2010,2010,9,-18.6768,126.0343,WA,0.0538879,0.09450169,3.32165,-0.333187978,0.181538231,0.167713279,7,2010,2010,280157.4973,263.5488892,OVP,Ord Victoria Plain,NA
214.4,1072,206.2,2062,0.4,2,1.2,12,27.62069537,27.47466636,0.072722666,0.160719677,43,ANWC152,B55279,ANWC,ANWC152_R1.fastq.gz,d17ad1c2-f5b7-400e-a25e-ea081be7598d,d17ad1c2-f5b7-400e-a25e-ea081be7598d,B55279,F,Malurus assimilis,Purple-Backed Fairy Wren,23/07/2010,2006 - 2010,2010,9,-19.189,126.1982,WA,0.0725722,0.09531102,2.91244,-0.215549036,0.039897361,0.029677309,7,2010,2010,329049.5514,239.9998016,GSD,Great Sandy Desert,NA
214.4,1072,206.2,2062,0.4,2,1.2,12,27.62069537,27.47466636,0.072722666,0.160719677,44,ANWC153,B55280,ANWC,ANWC153_R1.fastq.gz,809f04e9-55b6-4adb-8d35-eb48d8a1762a,809f04e9-55b6-4adb-8d35-eb48d8a1762a,B55280,M,Malurus assimilis,Purple-Backed Fairy Wren,23/07/2010,2006 - 2010,2010,9,-19.189,126.1982,WA,0.0690768,0.18574372,2.9509,-0.272442714,0.05754566,0.062631901,7,2010,2010,329049.5514,239.9998016,GSD,Great Sandy Desert,NA
214.4,1072,206.2,2062,0.4,2,1.2,12,27.62069537,27.47466636,0.072722666,0.160719677,45,ANWC154,B55281,ANWC,ANWC154_R1.fastq.gz,5df75950-a742-4c10-962e-be4de7c88891,5df75950-a742-4c10-962e-be4de7c88891,B55281,M,Malurus assimilis,Purple-Backed Fairy Wren,23/07/2010,2006 - 2010,2010,9,-19.2027,126.1829,WA,0.0543678,0.09408142,3.49423,-0.279256597,0.116067773,0.103887423,7,2010,2010,325254.4742,251.4633942,GSD,Great Sandy Desert,NA
221,1105,212,2120,0.4,2,1.2,12,27.78367761,27.63846262,0.073209095,0.1611649,46,ANWC155,B55291,ANWC,ANWC155_R1.fastq.gz,61c1ffe4-c125-453f-b3b2-b39bd1c48ff7,61c1ffe4-c125-453f-b3b2-b39bd1c48ff7,B55291,M,Malurus assimilis,Purple-Backed Fairy Wren,24/07/2010,2006 - 2010,2010,9,-19.2103,126.1069,WA,0.0913962,0.0978623,2.75719,-0.320883894,0.105324663,0.100899444,7,2010,2010,321489.5875,234.4696045,OVP,Ord Victoria Plain,NA
221,1105,212,2120,0.4,2,1.2,12,27.78367761,27.63846262,0.073209095,0.1611649,47,ANWC156,B55292,ANWC,ANWC156_R1.fastq.gz,8f613854-cf48-44eb-8c5f-98c99746f0cd,8f613854-cf48-44eb-8c5f-98c99746f0cd,B55292,M,Malurus assimilis,Purple-Backed Fairy Wren,24/07/2010,2006 - 2010,2010,9,-19.2103,126.1069,WA,0.145834,0.13944943,2.38082,-0.311740313,0.081650292,0.087021498,7,2010,2010,321489.5875,234.4696045,OVP,Ord Victoria Plain,NA
222.2,1111,213.6,2136,0.4,2,1.2,12,27.81714821,27.67560035,0.073332691,0.161584558,48,ANWC157,B55308,ANWC,ANWC157_R1.fastq.gz,da972607-8f94-467a-be77-f0d5f93fdc87,da972607-8f94-467a-be77-f0d5f93fdc87,B55308,M,Malurus assimilis,Purple-Backed Fairy Wren,24/07/2010,2006 - 2010,2010,9,-19.1147,126.133,WA,0.207705,0.49909714,4.14855,-0.347587505,0.10774568,0.12039846,7,2010,2010,314362.1677,213.9104004,OVP,Ord Victoria Plain,NA
168.6,843,165.8,1658,0.8,4,1.1,11,26.43122428,26.15821886,0.094872145,0.223868292,49,ANWC158,B55370,ANWC,ANWC158_R1.fastq.gz,79aef888-ea8b-4d42-89a3-9cbe047deaef,79aef888-ea8b-4d42-89a3-9cbe047deaef,B55370,M,Malurus assimilis,Purple-Backed Fairy Wren,26/07/2010,2006 - 2010,2010,9,-18.5514,127.6862,WA,0.0945428,0.12355661,3.67774,-0.280866002,0.099078083,0.087462578,7,2010,2010,343475.728,412.9125061,OVP,Ord Victoria Plain,NA
168.6,843,165.8,1658,0.8,4,1.1,11,26.43122428,26.15821886,0.094872145,0.223868292,50,ANWC159,B55371,ANWC,ANWC159_R1.fastq.gz,ab5e4099-5296-4204-97fd-58237dd9f434,ab5e4099-5296-4204-97fd-58237dd9f434,B55371,M,Malurus assimilis,Purple-Backed Fairy Wren,26/07/2010,2006 - 2010,2010,9,-18.5514,127.6862,WA,0.0775432,0.1238783,2.89146,-0.28581721,0.101892767,0.093123217,7,2010,2010,343475.728,412.9125061,OVP,Ord Victoria Plain,NA
179,895,174.3,1743,0.8,4,0.7,7,26.69767304,26.41851614,0.087937855,0.204326977,51,ANWC160,B55399,ANWC,ANWC160_R1.fastq.gz,186b8f9c-1b0e-4ffb-b865-8bceb4f062ef,186b8f9c-1b0e-4ffb-b865-8bceb4f062ef,B55399,M,Malurus assimilis,Purple-Backed Fairy Wren,27/07/2010,2006 - 2010,2010,9,-18.9261,127.7076,WA,0.112982,0.130605,2.60235,-0.205575793,0.048991136,0.033495234,7,2010,2010,382269.1367,359.7543945,OVP,Ord Victoria Plain,NA
179,895,174.3,1743,0.8,4,0.7,7,26.69767304,26.41851614,0.087937855,0.204326977,52,ANWC161,B55400,ANWC,ANWC161_R1.fastq.gz,733eddbf-35c4-4046-a8fc-eaddd4e9db59,733eddbf-35c4-4046-a8fc-eaddd4e9db59,B55400,F,Malurus assimilis,Purple-Backed Fairy Wren,27/07/2010,2006 - 2010,2010,9,-18.9261,127.7076,WA,0.0849986,0.12387902,2.78136,-0.226801682,0.058482691,0.044638879,7,2010,2010,382269.1367,359.7543945,OVP,Ord Victoria Plain,NA
168.2,841,163.4,1634,3,15,3.8,38,26.24642932,26.03170265,0.092543989,0.218535577,53,ANWC162,B55412,ANWC,ANWC162_R1.fastq.gz,446f0912-5967-48f2-ae1e-11e6a42b092f,446f0912-5967-48f2-ae1e-11e6a42b092f,B55412,F,Malurus assimilis,Purple-Backed Fairy Wren,28/07/2010,2006 - 2010,2010,9,-18.1345,128.6945,WA,0.0517942,0.12202223,3.46171,-0.190382455,0.064531043,0.029576273,7,2010,2010,300873.5297,337.7535095,OVP,Ord Victoria Plain,NA
165.8,829,160.8,1608,3.2,16,4,40,26.16916364,25.9605868,0.095142984,0.222641857,54,ANWC163,B55435,ANWC,ANWC163_R1.fastq.gz,0ed9d536-ed5e-4853-a6ef-1f0c1c82ea81,0ed9d536-ed5e-4853-a6ef-1f0c1c82ea81,B55435,M,Malurus assimilis,Purple-Backed Fairy Wren,29/07/2010,2006 - 2010,2010,9,-18.107,128.759,WA,0.0147537,0.08894502,5.69071,-0.233332815,0.126039164,0.080843395,7,2010,2010,303426.761,358.9408875,OVP,Ord Victoria Plain,NA
53.8,269,62.4,624,26.8,134,29.4,294,22.34265146,22.46027942,0.09193041,0.162275764,55,ANWC168,B55501,ANWC,ANWC168_R1.fastq.gz,90fe1b82-789c-4dc5-bceb-cb813c723b12,90fe1b82-789c-4dc5-bceb-cb813c723b12,B55501,F,Malurus assimilis,Purple-Backed Fairy Wren,31/10/2010,2006 - 2010,2010,9,-23.6633,146.9611,QLD,0.0321855,0.11977354,4.05294,0.249493548,0.031868454,0.003034837,10,2010,2010,306785.359,364.223114,BBN,Brigalow Belt North,NA
47,235,54.3,543,14.2,71,16.1,161,22.45206396,22.60640115,0.109548189,0.192643139,56,ANWC170,B55503,ANWC,ANWC170_R1.fastq.gz,33bce121-7fc3-42f8-be6a-2cddc2cb7b96,33bce121-7fc3-42f8-be6a-2cddc2cb7b96,B55503,F,Malurus assimilis,Purple-Backed Fairy Wren,1/11/2010,2006 - 2010,2010,9,-23.8655,148.1329,QLD,0.123543,0.18210904,3.94099,0.197773976,0.029765066,-0.004843411,11,2010,2010,225641.663,237.5626984,BBN,Brigalow Belt North,NA
76,380,89.1,891,0,0,0,0,26.61861359,26.69348172,0.196911669,0.315482677,57,ANWC66,B29336,ANWC,ANWC66_R1.fastq.gz,37bbed9c-2d6c-482e-813a-70bf7f75b747,37bbed9c-2d6c-482e-813a-70bf7f75b747,B29336,M,Malurus assimilis,Purple-Backed Fairy Wren,4/10/2001,2001 - 2005,2001,18,-17.7333,139.5917,QLD,0.164405,0.20015351,2.14302,0.134319848,0.448190542,-0.727372476,10,2001,2001,24494.61165,2.078464031,GUP,Gulf Plains,NA
76,380,89.1,891,0,0,0,0,26.61861359,26.69348172,0.196911669,0.315482677,58,ANWC67,B29337.a,ANWC,ANWC67_R1.fastq.gz,a37aca6a-d968-4e9d-9cc8-d820c12025c6,a37aca6a-d968-4e9d-9cc8-d820c12025c6,B29337,M,Malurus assimilis,Purple-Backed Fairy Wren,4/10/2001,2001 - 2005,2001,18,-17.7333,139.5917,QLD,0.036049,0.18283395,4.78044,0.106327375,0.49510221,-0.789152942,10,2001,2001,24494.61165,2.078464031,GUP,Gulf Plains,NA
67.2,336,80.4,804,0,0,0,0,26.73239476,26.79018512,0.196761117,0.317589222,59,ANWC68,B29377.b,ANWC,ANWC68_R1.fastq.gz,2b9f0c71-7edf-44cc-9efd-836e382bf58a,2b9f0c71-7edf-44cc-9efd-836e382bf58a,B29377,F,Malurus assimilis,Purple-Backed Fairy Wren,5/10/2001,2001 - 2005,2001,18,-17.575,139.75,QLD,0.183934,0.19312871,1.89356,0.119338707,0.193974603,-0.283796428,10,2001,2001,5610,0.9631688,GUP,Gulf Plains,NA
67.2,336,80.4,804,0,0,0,0,26.73239476,26.79018512,0.196761117,0.317589222,60,ANWC69,B29378,ANWC,ANWC69_R1.fastq.gz,942b28d2-963c-47c5-a849-4e5804d1f4a3,942b28d2-963c-47c5-a849-4e5804d1f4a3,B29378,M,Malurus assimilis,Purple-Backed Fairy Wren,5/10/2001,2001 - 2005,2001,18,-17.575,139.75,QLD,0.193395,0.19249852,1.84503,0.107614995,0.18884942,-0.273008799,10,2001,2001,5610,0.9631688,GUP,Gulf Plains,NA
73.4,367,74.2,742,53.6,268,48.3,483,20.49538764,20.63093867,0.047784588,0.113999684,61,ANWC71,B32011,ANWC,ANWC71_R1.fastq.gz,6c51d942-a3d7-405f-83ad-621941560e7e,6c51d942-a3d7-405f-83ad-621941560e7e,B32011,M,Malurus assimilis,Purple-Backed Fairy Wren,5/12/1998,1996 - 2000,1998,21,-30.0419,144.7197,NSW,0.0171211,0.11933079,6.10962,-0.358249466,-0.25746012,-0.076586146,12,1998,1998,706738.9951,97.6648407,MUL,Mulga Lands,NA
78.2,391,77.2,772,36.2,181,32.5,325,20.85815878,20.87814161,0.035813794,0.065223983,62,ANWC72,B32773,ANWC,ANWC72_R1.fastq.gz,cbcb1fe5-d76d-4be0-8840-99e7be792b10,cbcb1fe5-d76d-4be0-8840-99e7be792b10,B32773,M,Malurus assimilis,Purple-Backed Fairy Wren,1/05/2002,2001 - 2005,2002,17,-28.4108,134.1861,SA,0.0799029,0.12542631,3.0275,-0.115614786,-0.077226379,-0.029826812,5,2002,2002,420018.4383,256.7723083,STP,Stony Plains,NA
78.2,391,77.2,772,36.2,181,32.5,325,20.85815878,20.87814161,0.035813794,0.065223983,63,ANWC73,B32774,ANWC,ANWC73_R1.fastq.gz,47ee8705-1866-4864-b083-d28442782c11,47ee8705-1866-4864-b083-d28442782c11,B32774,M,Malurus assimilis,Purple-Backed Fairy Wren,1/05/2002,2001 - 2005,2002,17,-28.4108,134.1861,SA,0.0810872,0.12622817,2.86679,-0.125675687,-0.057596986,-0.023553983,5,2002,2002,420018.4383,256.7723083,STP,Stony Plains,NA
100,500,98.1,981,51.2,256,48.1,481,21.61466553,21.80651975,0.064636161,0.097194462,64,ANWC75,B32845,ANWC,ANWC75_R1.fastq.gz,dcbe6937-5cef-40c6-a152-20213daefa6d,dcbe6937-5cef-40c6-a152-20213daefa6d,B32845,M,Malurus assimilis,Purple-Backed Fairy Wren,2/05/2002,2001 - 2005,2002,17,-25.2233,133.115,NT,0.115538,0.12644482,2.51224,-0.050197779,-0.030185797,-0.0139165,5,2002,2002,725647.0622,414.2562866,FIN,Finke,NA
92.4,462,89.6,896,48.6,243,46.3,463,21.56178586,21.48614021,0.054252493,0.096242282,65,ANWC77,B32899,ANWC,ANWC77_R1.fastq.gz,b1e87d74-340a-4a00-bcfb-7e3a3e85ffba,b1e87d74-340a-4a00-bcfb-7e3a3e85ffba,B32899,M,Malurus assimilis,Purple-Backed Fairy Wren,4/05/2002,2001 - 2005,2002,17,-26.7461,125.5128,WA,0.0879682,0.13125929,2.99757,-0.270657684,-0.113852015,-0.037635095,5,2002,2002,613786.4567,433.6838074,GID,Gibson Desert,NA
101.2,506,107.7,1077,50,250,40.7,407,22.28850773,22.61213422,0.080500355,0.131456499,66,ANWC78,B33013,ANWC,ANWC78_R1.fastq.gz,NA,85782a2b-08aa-4cd0-a35a-d35e7d1c2873,NA,M,Malurus assimilis,Purple-Backed Fairy Wren,7/05/2002,2001 - 2005,2002,17,-24.3267,119.6961,WA,0.0830137,0.36605814,7.69235,0.562507221,-0.022510767,0.053643821,5,2002,2002,453018.7961,619.2324219,GAS,Gascoyne,used data from other specimens from same location
153.6,768,156.4,1564,2.6,13,1.4,14,25.2351565,25.47497169,0.069656064,0.123627559,67,ANWC79,B33180,ANWC,ANWC79_R1.fastq.gz,d1d5769e-6375-48e8-bd9e-54cc31ccc4f3,d1d5769e-6375-48e8-bd9e-54cc31ccc4f3,B33180,M,Malurus assimilis,Purple-Backed Fairy Wren,13/05/2002,2001 - 2005,2002,17,-22.9406,117.3889,WA,0.147578,0.1280131,2.17741,0.472955512,-0.009675253,0.013745562,5,2002,2002,247620.1026,389.6250916,PIL,Pilbara,NA
143,715,150.7,1507,0,0,0,0,25.49510282,25.81463976,0.098077051,0.175736682,68,ANWC80,B33205,ANWC,ANWC80_R1.fastq.gz,335c819c-c4c8-47ca-807e-4e77af259314,335c819c-c4c8-47ca-807e-4e77af259314,B33205,M,Malurus assimilis,Purple-Backed Fairy Wren,14/05/2002,2001 - 2005,2002,17,-22.0247,117.6447,WA,0.0783412,0.1246814,NA,-0.182904614,-0.053981081,1049661,5,2002,2002,144399.9979,418.3505859,PIL,Pilbara,NA
51.8,259,46.4,464,1.2,6,0.7,7,22.18058573,21.99623342,0.046379484,0.084048571,69,ANWC81,B33369,ANWC,ANWC81_R1.fastq.gz,8e73faba-63d0-4cf9-993a-f9294e4c0dd1,8e73faba-63d0-4cf9-993a-f9294e4c0dd1,B33369,M,Malurus assimilis,Purple-Backed Fairy Wren,22/05/2002,2001 - 2005,2002,17,-26.6267,113.8328,WA,0.0507814,0.25359157,5.67899,-0.416129238,-0.314161512,-0.100526294,5,2002,2002,4910,19.60143089,YAL,Yalgoo,NA
153.2,766,140,1400,NA,NA,NA,NA,27.63413874,27.50953794,0.107554165,0.22401577,70,ANWC84,B41644,ANWC,ANWC84_R1.fastq.gz,8d711135-1639-4eb9-ae77-237e2519ab0d,8d711135-1639-4eb9-ae77-237e2519ab0d,B41644,M,Malurus assimilis,Purple-Backed Fairy Wren,18/10/1988,1986 - 1990,1988,31,-17.8667,141.1333,QLD,0.0846338,0.18702962,2.90825,0.141367061,0.094568477,-0.113048505,10,1988,1988,56528.85369,7.567935944,GUP,Gulf Plains,NA
133,665,120.4,1204,NA,NA,NA,NA,27.4439723,27.36296078,0.127574788,0.239202192,71,ANWC85,B41656,ANWC,ANWC85_R1.fastq.gz,68a8f83f-e9b6-4ca8-b9a9-4f8bbb04afd8,68a8f83f-e9b6-4ca8-b9a9-4f8bbb04afd8,B41656,M,Malurus assimilis,Purple-Backed Fairy Wren,19/10/1988,1986 - 1990,1988,31,-17.5,140.8333,QLD,0.103664,0.39839754,5.19623,0.123872832,0.21985876,-0.314247931,10,1988,1988,7455.212941,3.06834507,GUP,Gulf Plains,NA
26.6,133,26.3,263,NA,NA,NA,NA,16.83454658,16.79187237,0.069044616,0.116232567,72,ANWC88,B46415,ANWC,ANWC88_R1.fastq.gz,3f662d5d-4589-4bc0-895c-4ea8e650d544,3f662d5d-4589-4bc0-895c-4ea8e650d544,B46415,M,Malurus assimilis,Purple-Backed Fairy Wren,19/10/1994,1991 - 1995,1994,25,-34.6831,143.5511,NSW,0.247849,0.09887242,1.51901,-0.360136864,-0.116221719,-0.036045078,10,1994,1994,374081.3593,65.07148743,MDD,Murray Darling Depression,NA
5.6,28,8,80,NA,NA,NA,NA,16.73471283,16.66832599,0.083900298,0.140501013,73,ANWC90,B46525,ANWC,ANWC90_R1.fastq.gz,NA,a1e34fec-4d3e-4629-b403-b9b0cfea4ad6,NA,M,Malurus assimilis,Purple-Backed Fairy Wren,22/10/1994,1991 - 1995,1994,25,-34.9519,137.4006,SA,0.153398,0.19076084,2.25873,0.555872772,-0.011683547,0.029408714,10,1994,1994,4910,3.629498959,EYB,Eyre Yorke Block,used data from other specimens from same location
3.4,17,4.1,41,NA,NA,NA,NA,16.11662605,16.0444161,0.101225469,0.171818475,74,ANWC92,B46574,ANWC,ANWC92_R1.fastq.gz,d364ab15-67a3-4a92-a4c5-20f07bec14f3,d364ab15-67a3-4a92-a4c5-20f07bec14f3,B46574,M,Malurus assimilis,Purple-Backed Fairy Wren,23/10/1994,1991 - 1995,1994,25,-35.125,137.1958,SA,0.131979,0.37015358,3.34417,0.594138094,-0.014325232,0.03369197,10,1994,1994,7455.212941,52.18511963,EYB,Eyre Yorke Block,NA
28.8,144,30,300,27.8,139,29.1,291,17.80944299,17.68378566,0.078798119,0.130701447,75,ANWC94,B46630,ANWC,ANWC94_R1.fastq.gz,c1e54fa6-01f0-4547-b7e8-d2d319ab5662,c1e54fa6-01f0-4547-b7e8-d2d319ab5662,B46630,F,Malurus assimilis,Purple-Backed Fairy Wren,26/10/1994,1991 - 1995,1994,25,-33.5,138.0639,SA,0.127943,0.09573478,2.27543,0.474463927,-0.015300604,0.029522698,10,1994,1994,14730,28.24226952,EYB,Eyre Yorke Block,NA
108.6,543,116.9,1169,29.2,146,29.9,299,22.7747934,22.96894599,0.022794202,0.047579242,76,SAM11,ABTC37966,ABTC,SAM11_R1.fastq.gz,5c22a590-d782-4ed5-b5bb-a89a002ee546,5c22a590-d782-4ed5-b5bb-a89a002ee546,ABTC37966,F,Malurus assimilis,Purple-Backed Fairy Wren,18/09/1997,1996 - 2000,1997,22,-26.5778,137.0925,SA,0.17457,0.10056274,1.85646,0.020464234,-0.022123427,-0.010899507,9,1997,1997,679679.5664,39.117939,SSD,Simpson Strzelecki Dunefields,NA
108.2,541,116.6,1166,30.8,154,32.1,321,22.71709671,22.89190651,0.023441914,0.048949197,77,SAM12,ABTC37976,ABTC,SAM12_R1.fastq.gz,c33fb6dc-a83c-421f-8c89-73a566abe7b9,c33fb6dc-a83c-421f-8c89-73a566abe7b9,ABTC37976,F,Malurus assimilis,Purple-Backed Fairy Wren,21/09/1997,1996 - 2000,1997,22,-26.1936,136.7694,SA,0.169495,0.09978431,1.87175,0.024181133,-0.012164843,-0.009376635,9,1997,1997,726499.4735,60.87197876,SSD,Simpson Strzelecki Dunefields,NA
121.2,606,123.2,1232,29.4,147,29.2,292,23.19588622,23.25253764,0.022932334,0.052248101,78,SAM14,ABTC38801,ABTC,SAM14_R1.fastq.gz,aa1d807b-e325-41ad-ad73-fb85dd3239d5,aa1d807b-e325-41ad-ad73-fb85dd3239d5,ABTC38801,M,Malurus assimilis,Purple-Backed Fairy Wren,11/09/1998,1996 - 2000,1998,21,-26.0417,137.6036,SA,0.104195,0.12666239,2.55561,0.008178211,-0.011491343,-0.00936906,9,1998,1998,734975.6054,26.7509594,SSD,Simpson Strzelecki Dunefields,NA
121.2,606,123.2,1232,29.4,147,29.2,292,23.19588622,23.25253764,0.022932334,0.052248101,79,SAM15,ABTC38802,ABTC,SAM15_R1.fastq.gz,2a2be9be-0a29-42b0-bd67-337e1b0a4cc0,2a2be9be-0a29-42b0-bd67-337e1b0a4cc0,ABTC38802,F,Malurus assimilis,Purple-Backed Fairy Wren,11/09/1998,1996 - 2000,1998,21,-26.0417,137.6036,SA,0.0777462,0.12406892,2.84361,0.009127527,-0.004200218,-0.00196176,9,1998,1998,734975.6054,26.7509594,SSD,Simpson Strzelecki Dunefields,NA
114.2,571,117.9,1179,31.2,156,30,300,22.93883996,23.01912997,0.022776622,0.051575643,80,SAM16,ABTC38831,ABTC,SAM16_R1.fastq.gz,22231814-3571-4792-b179-49907093d435,22231814-3571-4792-b179-49907093d435,ABTC38831,F,Malurus assimilis,Purple-Backed Fairy Wren,16/09/1998,1996 - 2000,1998,21,-26.3811,137.3633,SA,0.0946434,0.09822602,2.55003,-0.009711446,-0.012510724,-0.008349219,9,1998,1998,695709.3085,31.3708992,SSD,Simpson Strzelecki Dunefields,NA
102,510,100.8,1008,35.8,179,36.5,365,21.99654513,21.96415031,0.031089003,0.069808666,81,SAM17,ABTC73791,ABTC,SAM17_R1.fastq.gz,1de0d5d6-62ce-4bc7-b772-bf8672153a21,1de0d5d6-62ce-4bc7-b772-bf8672153a21,ABTC73791,F,Malurus assimilis,Purple-Backed Fairy Wren,21/09/1999,1996 - 2000,1999,20,-26.9828,134.8106,SA,0.12885,0.10074149,2.21484,-0.011038773,-0.020163229,-0.012420643,9,1999,1999,586287.305,187.7335052,FIN,Finke,NA
102,510,100.8,1008,35.8,179,36.5,365,21.99654513,21.96415031,0.031089003,0.069808666,82,SAM18,ABTC73792,ABTC,SAM18_R1.fastq.gz,50da4e56-073f-4d77-b735-647f226d8d06,50da4e56-073f-4d77-b735-647f226d8d06,ABTC73792,M,Malurus assimilis,Purple-Backed Fairy Wren,22/09/1999,1996 - 2000,1999,20,-26.9829,134.8107,SA,0.0901673,0.12530832,2.67875,-0.034111253,-0.01517462,-0.01144685,9,1999,1999,586287.305,187.7335052,FIN,Finke,NA
18.4,92,16.8,168,126.8,634,114,1140,14.43318666,14.64832644,0.056853598,0.137579678,83,SAM19,ABTC84315,ABTC,SAM19_R1.fastq.gz,a643600a-d92d-4039-b2ae-1b4001c17824,a643600a-d92d-4039-b2ae-1b4001c17824,ABTC84315,M,Malurus assimilis,Purple-Backed Fairy Wren,23/09/1999,1996 - 2000,1999,20,-26.983,134.8108,VIC,0.191923,0.49337047,5.00193,0.761230308,-0.037223348,0.067740459,12,1999,1999,163576.5096,136.5704956,MDD,Murray Darling Depression,NA
39.8,199,40.5,405,57,285,55.2,552,NA,NA,NA,NA,84,SAM20,ABTC85133,ABTC,SAM20_R1.fastq.gz,409e08db-00be-448a-a8f3-5523485905c3,409e08db-00be-448a-a8f3-5523485905c3,ABTC85133,M,Malurus assimilis,Purple-Backed Fairy Wren,24/09/1999,1996 - 2000,1999,20,-26.9831,134.8109,SA,0.391133,0.09631281,0.955786,-0.078895852,-0.031956788,-0.009988969,11,1997,1997,110326.2163,340.0235901,GAW,Gawler,NA
39.8,199,40.5,405,57,285,55.2,552,NA,NA,NA,NA,85,SAM21,ABTC85134,ABTC,SAM21_R1.fastq.gz,fc262a1e-821b-4f88-90e0-a7991fa970c0,fc262a1e-821b-4f88-90e0-a7991fa970c0,ABTC85134,F,Malurus assimilis,Purple-Backed Fairy Wren,25/09/1999,1996 - 2000,1999,20,-26.9832,134.811,SA,0.119553,0.09483055,2.31767,-0.044948915,-0.053793046,-0.011841941,11,1997,1997,110326.2163,340.0235901,GAW,Gawler,NA
31.6,158,30.4,304,56.4,282,57,570,16.76480762,16.6203441,0.04371096,0.090328381,86,SAM25,ABTC113231,ABTC,SAM25_R1.fastq.gz,edfe4668-3aab-45dc-98b8-203a80e37c92,edfe4668-3aab-45dc-98b8-203a80e37c92,ABTC113231,,Malurus assimilis,Purple-Backed Fairy Wren,25/10/2004,2001 - 2005,2004,15,-34.3753,139.4794,SA,0.0619623,0.09412797,3.45333,0.799868973,-0.064327904,0.139108203,10,2004,2004,99176.70946,80.77060699,MDD,Murray Darling Depression,NA
31.6,158,30.4,304,56.4,282,57,570,16.76480762,16.6203441,0.04371096,0.090328381,87,SAM26,ABTC113232,ABTC,SAM26_R1.fastq.gz,762ef00f-433f-4fdc-994c-f39025736468,762ef00f-433f-4fdc-994c-f39025736468,ABTC113232,,Malurus assimilis,Purple-Backed Fairy Wren,3/11/2004,2001 - 2005,2004,15,-34.3753,139.4794,SA,0.134257,0.18956006,2.81008,0.776662309,-0.046115381,0.089515906,11,2004,2004,99176.70946,80.77060699,MDD,Murray Darling Depression,NA
31.6,158,30.4,304,56.4,282,57,570,16.76480762,16.6203441,0.04371096,0.090328381,88,SAM27,ABTC113233,ABTC,SAM27_R1.fastq.gz,8b7a22c8-565a-4092-83e0-2f4aff37a003,8b7a22c8-565a-4092-83e0-2f4aff37a003,ABTC113233,,Malurus assimilis,Purple-Backed Fairy Wren,5/11/2004,2001 - 2005,2004,15,-34.3753,139.4794,SA,0.215741,0.13128711,1.96637,0.715559925,-0.025942321,0.05931585,11,2004,2004,99176.70946,80.77060699,MDD,Murray Darling Depression,NA
26.2,131,23.7,237,56.4,282,57,570,15.65889206,15.99704921,0.044957607,0.09788705,89,SAM28,ABTC113234,ABTC,SAM28_R1.fastq.gz,3c084a72-ec53-4578-a32d-dabc73076cb4,3c084a72-ec53-4578-a32d-dabc73076cb4,ABTC113234,,Malurus assimilis,Purple-Backed Fairy Wren,8/11/2004,2001 - 2005,2004,15,-34.3753,139.4794,SA,0.0816876,0.12864323,3.31841,0.70828447,-0.033574591,0.080191886,11,2004,2004,99176.70946,80.77060699,MDD,Murray Darling Depression,NA
32.6,163,31.2,312,57,285,56.6,566,16.75670875,16.64402284,0.041430155,0.091043968,90,SAM29,ABTC113310,ABTC,SAM29_R1.fastq.gz,0795e393-1524-42d5-9b33-b80f08f9511a,0795e393-1524-42d5-9b33-b80f08f9511a,ABTC113310,M,Malurus assimilis,Purple-Backed Fairy Wren,11/10/2005,2001 - 2005,2005,14,-34.3422,139.4861,SA,0.149348,0.25502095,3.07594,0.701385218,-0.038453732,0.068908882,10,2005,2005,101218.363,80.13612366,MDD,Murray Darling Depression,NA
32.6,163,31.2,312,57,285,56.6,566,16.75670875,16.64402284,0.041430155,0.091043968,91,SAM30,ABTC113311,ABTC,SAM30_R1.fastq.gz,27ecdca4-60c0-43f4-8ec4-6648374e73e8,27ecdca4-60c0-43f4-8ec4-6648374e73e8,ABTC113311,M,Malurus assimilis,Purple-Backed Fairy Wren,3/10/2005,2001 - 2005,2005,14,-34.3481,139.4911,SA,0.312735,0.38815808,2.92842,0.83078455,-0.040400212,0.089560205,10,2005,2005,101218.363,81.03027344,MDD,Murray Darling Depression,NA
32.6,163,31.2,312,57,285,56.6,566,16.84158147,16.66501989,0.042959096,0.091283254,92,SAM31,ABTC113312,ABTC,SAM31_R1.fastq.gz,957c195a-53e7-45fb-9084-f3be5721ce2b,957c195a-53e7-45fb-9084-f3be5721ce2b,ABTC113312,F,Malurus assimilis,Purple-Backed Fairy Wren,11/10/2005,2001 - 2005,2005,14,-34.3422,139.4861,SA,0.0571674,0.12594672,4.1886,0.797890552,-0.064671438,0.141331379,10,2005,2005,101218.363,80.13612366,MDD,Murray Darling Depression,NA
32.2,161,30.4,304,56.8,284,56.6,566,16.80640736,16.62955212,0.043873141,0.092467602,93,SAM32,ABTC113313,ABTC,SAM32_R1.fastq.gz,4ba10d51-aa95-4c16-849f-f39deb229bc0,4ba10d51-aa95-4c16-849f-f39deb229bc0,ABTC113313,F,Malurus assimilis,Purple-Backed Fairy Wren,21/10/2005,2001 - 2005,2005,14,-34.3753,139.4794,SA,0.234396,0.27824366,2.52617,0.760046354,-0.033353387,0.06848063,10,2005,2005,99176.70946,80.77060699,MDD,Murray Darling Depression,NA
56.6,283,52.4,524,44.6,223,45.7,457,19.83094354,19.68450113,0.02839884,0.058073759,94,SAM33,ABTC119496,ABTC,SAM33_R1.fastq.gz,bc99f647-1314-4f63-9422-161c0bda22b7,bc99f647-1314-4f63-9422-161c0bda22b7,ABTC119496,,Malurus assimilis,Purple-Backed Fairy Wren,28/07/2007,2006 - 2010,2007,12,-29.7253,130.1203,SA,0.0110693,0.08960829,7.34389,-0.243753755,-0.148694031,-0.051460189,7,2007,2007,206737.9929,158.6623993,GVD,Great Victoria Desert,NA
54.2,271,50.7,507,47.2,236,48.1,481,19.63824078,19.50137773,0.028755484,0.058442452,95,SAM34,ABTC119512,ABTC,SAM34_R1.fastq.gz,11a7312d-fbb1-4f1a-b8e3-3426c4e5d2b3,11a7312d-fbb1-4f1a-b8e3-3426c4e5d2b3,ABTC119512,,Malurus assimilis,Purple-Backed Fairy Wren,29/07/2007,2006 - 2010,2007,12,-29.8947,130.0892,SA,0.2012,0.19277968,2.05416,-0.282975661,-0.096767374,-0.032354129,7,2007,2007,190740,153.3574982,GVD,Great Victoria Desert,NA
47.6,238,44.5,445,39,195,40.1,401,19.20809305,19.08405411,0.03602859,0.072701304,96,SAM35,ABTC119649,ABTC,SAM35_R1.fastq.gz,afa0684d-f71a-443a-9ae8-4eb0b18ef864,afa0684d-f71a-443a-9ae8-4eb0b18ef864,ABTC119649,,Malurus assimilis,Purple-Backed Fairy Wren,6/08/2007,2006 - 2010,2007,12,-29.9192,131.1906,SA,0.190738,0.19467406,2.19279,-0.247584773,-0.085580987,-0.026119168,8,2007,2007,173910,260.85849,GVD,Great Victoria Desert,NA
44.4,222,39.9,399,32.4,162,33.7,337,19.0165268,18.90514258,0.036948953,0.075714548,97,SAM36,ABTC119685,ABTC,SAM36_R1.fastq.gz,da0ae6f7-d38c-4304-b8af-08df77c8e845,da0ae6f7-d38c-4304-b8af-08df77c8e845,ABTC119685,,Malurus assimilis,Purple-Backed Fairy Wren,8/08/2007,2006 - 2010,2007,12,-30.1544,131.5667,SA,0.0833713,0.25736827,4.89372,-0.210695616,-0.139832844,-0.04292757,8,2007,2007,149854.718,287.884613,GVD,Great Victoria Desert,NA
54.2,271,50.7,507,47.2,236,48.1,481,19.63824078,19.50137773,0.028755484,0.058442452,98,SAM37,ABTC119786,ABTC,SAM37_R1.fastq.gz,75f18074-fa17-440d-bce7-5fe485dc57f5,75f18074-fa17-440d-bce7-5fe485dc57f5,ABTC119786,,Malurus assimilis,Purple-Backed Fairy Wren,29/07/2007,2006 - 2010,2007,12,-29.8801,130.1003,SA,0.164814,0.19002201,2.30731,-0.274227145,-0.108850028,-0.034204373,7,2007,2007,190330.9565,148.9822998,GVD,Great Victoria Desert,NA
58,290,54.7,547,45.4,227,46.3,463,20.06714101,19.89361382,0.03169877,0.06504591,99,SAM38,ABTC119851,ABTC,SAM38_R1.fastq.gz,808aaacb-d4d1-413e-ad59-86eea5935ec5,808aaacb-d4d1-413e-ad59-86eea5935ec5,ABTC119851,,Malurus assimilis,Purple-Backed Fairy Wren,3/08/2007,2006 - 2010,2007,12,-29.2336,130.2,SA,0.0513002,0.19343558,5.26519,-0.24342347,-0.150552502,-0.046490893,8,2007,2007,261032.339,237.5601044,GVD,Great Victoria Desert,NA
44.6,223,40.2,402,30.4,152,32.3,323,19.11203904,19.00109646,0.036952667,0.076072301,100,SAM39,ABTC119904,ABTC,SAM39_R1.fastq.gz,c7461441-7a31-4dcb-adea-20a170e8ee84,c7461441-7a31-4dcb-adea-20a170e8ee84,ABTC119904,,Malurus assimilis,Purple-Backed Fairy Wren,8/08/2007,2006 - 2010,2007,12,-30.1594,131.6447,SA,0.262303,0.19838569,1.75868,-0.231908287,-0.081314046,-0.020787617,8,2007,2007,152407.0067,244.7776947,GVD,Great Victoria Desert,NA
49.2,246,49.4,494,34.8,174,34.9,349,19.54186041,19.46244407,0.042324771,0.074837833,101,SAM41,ABTC143564,ABTC,SAM41_R1.fastq.gz,EA20,EA20,ABTC143564,,Malurus assimilis,Purple-Backed Fairy Wren,7/11/2012,2011 - 2015,2012,7,-32.4981,137.8008,SA,0.198735,0.13076752,2.04964,0.309984635,-0.01420235,0.007086948,11,2012,2012,11220,12.41429996,GAW,Gawler,NA
27.2,136,24.2,242,56.4,282,57,570,15.71658646,15.88244347,0.045027607,0.097695114,102,SAM44,ABTC114048,ABTC,SAM44_R1.fastq.gz,NA,3c084a72-ec53-4578-a32d-dabc73076cb4,NA,,Malurus assimilis,Purple-Backed Fairy Wren,22/10/2004,2001 - 2005,2004,15,-34.3753,139.4794,SA,0.0306727,0.12168428,5.69431,0.697379627,-0.047479005,0.102292501,10,2004,2004,99176.70946,80.77060699,MDD,Murray Darling Depression,used data from other specimens from same location
27.8,139,24.5,245,56.4,282,57,570,15.83733918,15.87403801,0.044177606,0.098231673,103,SAM45,ABTC114049,ABTC,SAM45_R1.fastq.gz,NA,3c084a72-ec53-4578-a32d-dabc73076cb4,NA,,Malurus assimilis,Purple-Backed Fairy Wren,22/10/2004,2001 - 2005,2004,15,-34.3753,139.4794,SA,0.0666037,0.09330678,3.15276,0.692144824,-0.038786801,0.078734418,10,2004,2004,99176.70946,80.77060699,MDD,Murray Darling Depression,used data from other specimens from same location
27.2,136,24.2,242,56.4,282,57,570,15.69222536,15.92627726,0.043716316,0.098141673,104,SAM46,ABTC114050,ABTC,SAM46_R1.fastq.gz,NA,3c084a72-ec53-4578-a32d-dabc73076cb4,NA,,Malurus assimilis,Purple-Backed Fairy Wren,25/10/2004,2001 - 2005,2004,15,-34.3753,139.4794,SA,0.190534,0.13073273,2.00379,0.709464331,-0.026292225,0.063859753,10,2004,2004,99176.70946,80.77060699,MDD,Murray Darling Depression,used data from other specimens from same location
106.6,533,114.8,1148,29.4,147,31.8,318,22.69239971,22.85586243,0.022891747,0.047665691,105,SAM8,ABTC37891,ABTC,SAM8_R1.fastq.gz,8d66897e-190d-4975-b126-fea976ee0612,8d66897e-190d-4975-b126-fea976ee0612,ABTC37891,,Malurus assimilis,Purple-Backed Fairy Wren,21/09/1997,1996 - 2000,1997,22,-26.3206,136.5203,SA,0.145192,0.12784421,2.16845,0.006545408,-0.002458962,-0.007442853,9,1997,1997,704131.0756,62.63311005,SSD,Simpson Strzelecki Dunefields,NA
34.8,174,34,340,NA,NA,NA,NA,20.03668617,19.96586926,0.087003656,0.164020464,106,WAM55,A35183,WAM,WAM55_R1.fastq.gz,EA9,EA9,A35183,,Malurus assimilis,Purple-Backed Fairy Wren,21/11/1992,1991 - 1995,1992,27,-28.8,114.6167,WA,0.195708,0.37466046,2.98253,-0.44051387,-0.225345768,-0.064751239,11,1992,1992,9820,34.98936844,GES,Geraldton Sandplains,NA
136.8,684,138.1,1381,0,0,0,0,25.75428012,25.78637412,0.060702761,0.126636966,107,WAM56,A35582,WAM,WAM56_R1.fastq.gz,EA10,EA10,A35582,,Malurus assimilis,Purple-Backed Fairy Wren,30/09/2004,2001 - 2005,2004,15,-22.1197,115.5697,WA,0.0235236,0.1188192,5.44107,-0.362469683,-0.237798728,-0.06905843,9,2004,2004,63364.82936,146.3050995,PIL,Pilbara,NA
136.8,684,138.1,1381,0,0,0,0,25.75428012,25.78637412,0.060702761,0.126636966,108,WAM57,A35583,WAM,WAM57_R1.fastq.gz,EA11,EA11,A35583,,Malurus assimilis,Purple-Backed Fairy Wren,30/09/2004,2001 - 2005,2004,15,-22.1197,115.5697,WA,0.242891,0.13135716,1.71251,-0.389522147,-0.137004923,-0.040182092,9,2004,2004,63364.82936,146.3050995,PIL,Pilbara,NA
30.6,153,29,290,0,0,0,0,22.43424209,22.36555124,0.033757517,0.074740269,109,WAM58,A35745,WAM,WAM58_R1.fastq.gz,EA12,EA12,A35745,,Malurus assimilis,Purple-Backed Fairy Wren,17/07/2004,2001 - 2005,2004,15,-25.9,113.5333,WA,0.153702,0.19190225,2.14343,-0.433429237,-0.213350031,-0.061011628,7,2004,2004,4910,9.095258713,CAR,Carnarvon,NA
81.4,407,78.1,781,0,0,0,0,26.46385288,26.43703775,0.203739535,0.457158263,110,WAM59,A36181,WAM,WAM59_R1.fastq.gz,EA13,EA13,A36181,,Malurus assimilis,Purple-Backed Fairy Wren,31/05/2005,2001 - 2005,2005,14,-15.1,125.2,WA,0.110701,0.19041781,2.49836,-0.615857103,0.27881103,0.341198013,5,2005,2005,0,148.9687042,NOK,Northern Kimberley,NA
81.4,407,78.1,781,0,0,0,0,26.46385288,26.43703775,0.203739535,0.457158263,111,WAM60,A36182,WAM,WAM60_R1.fastq.gz,EA14,EA14,A36182,,Malurus assimilis,Purple-Backed Fairy Wren,21/05/2005,2001 - 2005,2005,14,-15.1,125.2,WA,0.143791,0.19224502,2.1537,-0.623517525,0.268105121,0.331242048,5,2005,2005,0,148.9687042,NOK,Northern Kimberley,NA
146,730,138.6,1386,18.8,94,15.1,151,24.14664135,24.24687114,0.055894617,0.133129186,112,WAM63,A37114,WAM,WAM63_R1.fastq.gz,3db11faf-1cb8-4551-beff-75c35e14bf7b,3db11faf-1cb8-4551-beff-75c35e14bf7b,A37114,,Malurus assimilis,Purple-Backed Fairy Wren,24/09/2005,2001 - 2005,2005,14,-23.6166,118.65,WA,0.0913142,0.12558909,2.88254,-0.463925244,-0.409390011,-0.13758306,9,2005,2005,342924.5631,529.4771118,GAS,Gascoyne,NA
146,730,138.6,1386,18.8,94,15.1,151,24.14664135,24.24687114,0.055894617,0.133129186,113,WAM64,A37115,WAM,WAM64_R1.fastq.gz,88c6df0c-34cc-47c2-824c-5d2875747d68,88c6df0c-34cc-47c2-824c-5d2875747d68,A37115,,Malurus assimilis,Purple-Backed Fairy Wren,24/09/2005,2001 - 2005,2005,14,-23.6166,118.65,WA,0.0170544,0.08874207,5.74048,-0.427597625,-0.443744829,-0.148142349,9,2005,2005,342924.5631,529.4771118,GAS,Gascoyne,NA