SAMPLE.ID,YearJJ,NDays35
ANWC100,1995,62
ANWC100,1994,63
ANWC100,1977,67
ANWC100,1979,62
ANWC100,1996,1
ANWC100,1989,64
ANWC100,1976,59
ANWC100,1992,46
ANWC100,1984,56
ANWC100,1980,73
ANWC100,1978,58
ANWC100,1985,60
ANWC100,1993,44
ANWC100,1988,68
ANWC100,1983,53
ANWC100,1987,60
ANWC100,1986,37
ANWC100,1991,53
ANWC100,1981,60
ANWC100,1990,87
ANWC100,1982,77
ANWC101,1993,43
ANWC101,1983,43
ANWC101,1981,43
ANWC101,1992,42
ANWC101,1986,32
ANWC101,1991,50
ANWC101,1996,0
ANWC101,1990,88
ANWC101,1976,57
ANWC101,1982,72
ANWC101,1978,53
ANWC101,1987,58
ANWC101,1979,58
ANWC101,1980,70
ANWC101,1977,68
ANWC101,1985,57
ANWC101,1984,56
ANWC101,1988,61
ANWC101,1994,54
ANWC101,1995,53
ANWC101,1989,51
ANWC102,1990,84
ANWC102,1993,42
ANWC102,1992,38
ANWC102,1983,43
ANWC102,1978,52
ANWC102,1977,65
ANWC102,1988,57
ANWC102,1982,72
ANWC102,1985,56
ANWC102,1981,43
ANWC102,1987,56
ANWC102,1976,53
ANWC102,1995,52
ANWC102,1979,58
ANWC102,1996,0
ANWC102,1989,47
ANWC102,1980,70
ANWC102,1986,30
ANWC102,1991,45
ANWC102,1994,51
ANWC102,1984,51
ANWC103,1982,57
ANWC103,1988,46
ANWC103,1994,43
ANWC103,1976,39
ANWC103,1990,72
ANWC103,1996,0
ANWC103,1983,36
ANWC103,1993,27
ANWC103,1979,38
ANWC103,1995,39
ANWC103,1991,35
ANWC103,1989,31
ANWC103,1986,24
ANWC103,1987,40
ANWC103,1977,45
ANWC103,1984,34
ANWC103,1981,34
ANWC103,1980,55
ANWC103,1985,37
ANWC103,1978,45
ANWC103,1992,23
ANWC104,1988,32
ANWC104,1980,35
ANWC104,1986,24
ANWC104,1981,38
ANWC104,1977,31
ANWC104,1976,27
ANWC104,1991,20
ANWC104,1995,39
ANWC104,1996,3
ANWC104,1990,34
ANWC104,1982,28
ANWC104,1984,27
ANWC104,1989,26
ANWC104,1993,26
ANWC104,1985,26
ANWC104,1992,17
ANWC104,1978,29
ANWC104,1987,29
ANWC104,1994,29
ANWC104,1979,25
ANWC104,1983,25
ANWC105,1981,62
ANWC105,1995,46
ANWC105,1996,52
ANWC105,1994,39
ANWC105,1988,70
ANWC105,1989,74
ANWC105,1997,19
ANWC105,1984,74
ANWC105,1979,89
ANWC105,1992,55
ANWC105,1993,53
ANWC105,1983,33
ANWC105,1982,95
ANWC105,1978,59
ANWC105,1987,59
ANWC105,1986,64
ANWC105,1985,76
ANWC105,1991,56
ANWC105,1980,85
ANWC105,1990,83
ANWC105,1977,78
ANWC106,1982,99
ANWC106,1986,60
ANWC106,1994,52
ANWC106,1991,56
ANWC106,1988,71
ANWC106,1996,70
ANWC106,1993,58
ANWC106,1981,62
ANWC106,1979,89
ANWC106,1980,90
ANWC106,1992,60
ANWC106,1995,64
ANWC106,1989,68
ANWC106,1990,93
ANWC106,1983,47
ANWC106,1984,76
ANWC106,1978,73
ANWC106,1987,59
ANWC106,1977,83
ANWC106,1997,19
ANWC106,1985,83
ANWC107,1994,52
ANWC107,1992,60
ANWC107,1981,62
ANWC107,1986,60
ANWC107,1993,58
ANWC107,1996,70
ANWC107,1991,56
ANWC107,1979,89
ANWC107,1982,99
ANWC107,1978,73
ANWC107,1980,90
ANWC107,1984,76
ANWC107,1988,71
ANWC107,1997,19
ANWC107,1995,64
ANWC107,1990,93
ANWC107,1989,68
ANWC107,1983,47
ANWC107,1977,83
ANWC107,1987,59
ANWC107,1985,83
ANWC108,1993,32
ANWC108,1996,50
ANWC108,1990,80
ANWC108,1985,51
ANWC108,1977,55
ANWC108,1997,16
ANWC108,1992,28
ANWC108,1991,43
ANWC108,1980,71
ANWC108,1986,33
ANWC108,1981,47
ANWC108,1994,55
ANWC108,1987,52
ANWC108,1995,48
ANWC108,1989,53
ANWC108,1978,53
ANWC108,1983,39
ANWC108,1988,56
ANWC108,1984,51
ANWC108,1979,53
ANWC108,1982,69
ANWC109,1994,48
ANWC109,1984,52
ANWC109,1979,48
ANWC109,1995,50
ANWC109,1990,70
ANWC109,1982,70
ANWC109,1992,28
ANWC109,1977,53
ANWC109,1996,49
ANWC109,1978,53
ANWC109,1987,49
ANWC109,1983,34
ANWC109,1991,40
ANWC109,1989,59
ANWC109,1986,34
ANWC109,1993,32
ANWC109,1980,71
ANWC109,1981,51
ANWC109,1997,13
ANWC109,1988,56
ANWC109,1985,45
ANWC110,1995,18
ANWC110,1980,48
ANWC110,1987,31
ANWC110,1991,14
ANWC110,1982,46
ANWC110,1997,46
ANWC110,1990,49
ANWC110,1984,20
ANWC110,1978,36
ANWC110,1989,24
ANWC110,1992,15
ANWC110,1996,27
ANWC110,1983,8
ANWC110,1985,21
ANWC110,1979,25
ANWC110,1998,7
ANWC110,1993,18
ANWC110,1986,16
ANWC110,1981,33
ANWC110,1988,13
ANWC110,1994,19
ANWC112,1998,179
ANWC112,1999,133
ANWC112,2000,173
ANWC112,2002,224
ANWC112,1989,222
ANWC112,2003,171
ANWC112,1987,193
ANWC112,2004,41
ANWC112,1995,194
ANWC112,1993,194
ANWC112,1992,198
ANWC112,1990,192
ANWC112,1984,130
ANWC112,1985,155
ANWC112,1988,173
ANWC112,1996,169
ANWC112,1986,149
ANWC112,1991,233
ANWC112,1997,205
ANWC112,1994,180
ANWC112,2001,218
ANWC113,2007,158
ANWC113,1992,193
ANWC113,2008,179
ANWC113,1993,144
ANWC113,1995,199
ANWC113,2005,165
ANWC113,1994,165
ANWC113,2001,230
ANWC113,2000,151
ANWC113,1996,183
ANWC113,1997,198
ANWC113,2004,193
ANWC113,1989,220
ANWC113,2003,155
ANWC113,1991,205
ANWC113,1990,160
ANWC113,2002,168
ANWC113,2006,159
ANWC113,2009,12
ANWC113,1998,167
ANWC113,1999,160
ANWC115,1991,195
ANWC115,1996,27
ANWC115,1993,284
ANWC115,2003,231
ANWC115,1999,263
ANWC115,1992,3
ANWC115,1997,230
ANWC115,2002,18
ANWC115,2007,220
ANWC115,1989,141
ANWC115,2008,15
ANWC115,2006,10
ANWC115,2005,258
ANWC115,1995,262
ANWC115,2000,15
ANWC115,2004,11
ANWC115,2001,265
ANWC115,1990,10
ANWC115,1998,11
ANWC115,2009,77
ANWC115,1994,20
ANWC116,1994,30
ANWC116,2005,238
ANWC116,2003,214
ANWC116,1997,223
ANWC116,1989,141
ANWC116,1993,282
ANWC116,2008,23
ANWC116,1992,10
ANWC116,2002,35
ANWC116,1990,11
ANWC116,1995,255
ANWC116,1998,23
ANWC116,2000,25
ANWC116,2009,71
ANWC116,1991,190
ANWC116,2007,207
ANWC116,2001,248
ANWC116,2006,25
ANWC116,2004,29
ANWC116,1996,32
ANWC116,1999,254
ANWC117,2009,36
ANWC117,2004,2
ANWC117,1996,1
ANWC117,2008,5
ANWC117,2001,84
ANWC117,2007,65
ANWC117,1994,5
ANWC117,2000,2
ANWC117,2003,92
ANWC117,1989,40
ANWC117,2006,1
ANWC117,1990,3
ANWC117,1998,2
ANWC117,1997,95
ANWC117,1992,0
ANWC117,2002,1
ANWC117,1999,72
ANWC117,1993,72
ANWC117,2005,78
ANWC117,1991,90
ANWC117,1995,106
ANWC118,2004,0
ANWC118,1995,111
ANWC118,2003,93
ANWC118,2000,0
ANWC118,1993,72
ANWC118,2001,86
ANWC118,1990,1
ANWC118,2009,38
ANWC118,1994,0
ANWC118,1989,41
ANWC118,1991,92
ANWC118,1997,95
ANWC118,2002,0
ANWC118,1996,1
ANWC118,2008,2
ANWC118,1999,74
ANWC118,2005,80
ANWC118,1998,0
ANWC118,2006,0
ANWC118,1992,0
ANWC118,2007,66
ANWC119,2014,165
ANWC119,2001,193
ANWC119,1999,105
ANWC119,2008,173
ANWC119,1998,112
ANWC119,1996,108
ANWC119,1997,148
ANWC119,2005,115
ANWC119,2010,95
ANWC119,2009,163
ANWC119,2015,93
ANWC119,2013,164
ANWC119,2006,135
ANWC119,2007,129
ANWC119,2012,197
ANWC119,2011,146
ANWC119,2003,120
ANWC119,2004,162
ANWC119,1995,74
ANWC119,2000,107
ANWC119,2002,177
ANWC126,1997,64
ANWC126,2003,57
ANWC126,1988,49
ANWC126,1995,65
ANWC126,1996,72
ANWC126,1992,46
ANWC126,2008,3
ANWC126,2000,55
ANWC126,2006,73
ANWC126,1991,51
ANWC126,1998,52
ANWC126,2005,44
ANWC126,2004,75
ANWC126,1993,51
ANWC126,1989,59
ANWC126,2007,81
ANWC126,1999,45
ANWC126,1994,48
ANWC126,1990,71
ANWC126,2002,60
ANWC126,2001,42
ANWC128,1993,65
ANWC128,2003,84
ANWC128,1991,63
ANWC128,2001,49
ANWC128,1992,57
ANWC128,2000,64
ANWC128,1997,82
ANWC128,1999,43
ANWC128,2006,90
ANWC128,1995,77
ANWC128,2007,91
ANWC128,1988,58
ANWC128,2004,95
ANWC128,1998,72
ANWC128,1994,60
ANWC128,1989,61
ANWC128,2005,65
ANWC128,1996,83
ANWC128,1990,81
ANWC128,2008,3
ANWC128,2002,81
ANWC129,1992,59
ANWC129,2003,86
ANWC129,1988,59
ANWC129,2007,93
ANWC129,1997,83
ANWC129,2001,49
ANWC129,1998,76
ANWC129,2000,70
ANWC129,2004,97
ANWC129,1994,61
ANWC129,1990,81
ANWC129,1996,83
ANWC129,2002,85
ANWC129,2005,66
ANWC129,1993,66
ANWC129,1995,78
ANWC129,1991,63
ANWC129,1999,43
ANWC129,1989,63
ANWC129,2006,92
ANWC129,2008,3
ANWC130,2001,44
ANWC130,2000,67
ANWC130,1993,64
ANWC130,1998,69
ANWC130,2006,91
ANWC130,1997,83
ANWC130,1994,59
ANWC130,1990,82
ANWC130,2003,79
ANWC130,2007,90
ANWC130,2002,81
ANWC130,1992,58
ANWC130,1995,78
ANWC130,1991,63
ANWC130,1988,61
ANWC130,1999,43
ANWC130,2005,61
ANWC130,2004,96
ANWC130,1996,79
ANWC130,1989,68
ANWC130,2008,3
ANWC131,2008,2
ANWC131,1990,82
ANWC131,1995,76
ANWC131,2000,62
ANWC131,2002,83
ANWC131,1996,79
ANWC131,2001,43
ANWC131,1993,63
ANWC131,1994,59
ANWC131,2003,78
ANWC131,1988,60
ANWC131,1998,71
ANWC131,2005,61
ANWC131,2004,96
ANWC131,1991,60
ANWC131,1997,84
ANWC131,2006,89
ANWC131,1989,66
ANWC131,1999,39
ANWC131,2007,89
ANWC131,1992,56
ANWC132,2000,76
ANWC132,2004,108
ANWC132,1996,97
ANWC132,1990,91
ANWC132,1999,40
ANWC132,1997,91
ANWC132,2008,3
ANWC132,2001,60
ANWC132,2002,89
ANWC132,1995,84
ANWC132,2003,89
ANWC132,2007,95
ANWC132,1992,60
ANWC132,1994,63
ANWC132,2005,71
ANWC132,1998,79
ANWC132,1989,71
ANWC132,1991,66
ANWC132,1988,68
ANWC132,1993,70
ANWC132,2006,99
ANWC133,1997,91
ANWC133,2000,76
ANWC133,1990,91
ANWC133,1988,68
ANWC133,2003,89
ANWC133,1996,97
ANWC133,2004,108
ANWC133,1992,60
ANWC133,2002,89
ANWC133,2001,60
ANWC133,1999,40
ANWC133,2008,3
ANWC133,2006,99
ANWC133,1998,79
ANWC133,1995,84
ANWC133,2007,95
ANWC133,1993,70
ANWC133,1991,66
ANWC133,2005,71
ANWC133,1994,63
ANWC133,1989,71
ANWC134,1991,62
ANWC134,2001,53
ANWC134,1988,60
ANWC134,1993,65
ANWC134,2003,86
ANWC134,2004,104
ANWC134,1998,74
ANWC134,2000,66
ANWC134,1990,85
ANWC134,2002,84
ANWC134,2008,3
ANWC134,1997,86
ANWC134,1996,90
ANWC134,2006,92
ANWC134,1989,62
ANWC134,2007,92
ANWC134,1994,59
ANWC134,1995,81
ANWC134,2005,65
ANWC134,1999,37
ANWC134,1992,56
ANWC135,2001,55
ANWC135,2006,97
ANWC135,1994,63
ANWC135,2002,87
ANWC135,1997,90
ANWC135,2005,73
ANWC135,1993,67
ANWC135,2007,98
ANWC135,1995,83
ANWC135,1991,66
ANWC135,2004,112
ANWC135,2008,2
ANWC135,1989,67
ANWC135,2000,70
ANWC135,1996,92
ANWC135,1990,89
ANWC135,1992,56
ANWC135,2003,92
ANWC135,1988,65
ANWC135,1998,80
ANWC135,1999,38
ANWC136,2006,97
ANWC136,2008,2
ANWC136,2001,55
ANWC136,1999,38
ANWC136,1994,63
ANWC136,2000,70
ANWC136,2007,98
ANWC136,1993,67
ANWC136,1990,89
ANWC136,2003,92
ANWC136,2004,112
ANWC136,1989,67
ANWC136,2002,87
ANWC136,1992,56
ANWC136,2005,73
ANWC136,1988,65
ANWC136,1996,92
ANWC136,1995,83
ANWC136,1998,80
ANWC136,1991,66
ANWC136,1997,90
ANWC137,1989,144
ANWC137,1995,117
ANWC137,2006,82
ANWC137,1993,104
ANWC137,1990,93
ANWC137,2004,115
ANWC137,1998,92
ANWC137,1999,68
ANWC137,1991,136
ANWC137,2007,103
ANWC137,2009,2
ANWC137,2000,41
ANWC137,2001,124
ANWC137,1996,83
ANWC137,1994,95
ANWC137,2008,99
ANWC137,2005,102
ANWC137,2002,102
ANWC137,1992,92
ANWC137,1997,110
ANWC137,2003,88
ANWC138,1990,93
ANWC138,2004,115
ANWC138,1991,136
ANWC138,1995,117
ANWC138,1999,68
ANWC138,2006,82
ANWC138,1993,104
ANWC138,2003,88
ANWC138,1992,92
ANWC138,1989,144
ANWC138,1996,83
ANWC138,2007,103
ANWC138,1998,92
ANWC138,2005,102
ANWC138,2002,102
ANWC138,1994,95
ANWC138,2000,41
ANWC138,2009,2
ANWC138,2001,124
ANWC138,1997,110
ANWC138,2008,99
ANWC139,2007,112
ANWC139,2002,109
ANWC139,2004,121
ANWC139,2005,104
ANWC139,2001,138
ANWC139,1999,72
ANWC139,1990,101
ANWC139,2003,92
ANWC139,2006,83
ANWC139,1992,100
ANWC139,1996,89
ANWC139,1991,145
ANWC139,1989,151
ANWC139,2009,2
ANWC139,1997,124
ANWC139,2000,43
ANWC139,1993,110
ANWC139,1994,101
ANWC139,1998,96
ANWC139,2008,107
ANWC139,1995,120
ANWC140,1993,144
ANWC140,2007,158
ANWC140,2008,179
ANWC140,2003,155
ANWC140,2001,230
ANWC140,2004,193
ANWC140,2009,12
ANWC140,2005,165
ANWC140,1994,165
ANWC140,2006,159
ANWC140,1992,193
ANWC140,1999,160
ANWC140,2002,168
ANWC140,1995,199
ANWC140,1989,220
ANWC140,1990,160
ANWC140,2000,151
ANWC140,1997,198
ANWC140,1998,167
ANWC140,1996,183
ANWC140,1991,205
ANWC141,1995,162
ANWC141,1998,129
ANWC141,1989,193
ANWC141,2003,128
ANWC141,2004,166
ANWC141,2002,142
ANWC141,2008,154
ANWC141,1999,119
ANWC141,1993,119
ANWC141,2000,106
ANWC141,1990,112
ANWC141,2006,138
ANWC141,2001,184
ANWC141,1994,126
ANWC141,1996,124
ANWC141,2007,139
ANWC141,1992,160
ANWC141,2009,8
ANWC141,1991,161
ANWC141,2005,147
ANWC141,1997,143
ANWC142,1995,162
ANWC142,2002,142
ANWC142,1989,193
ANWC142,2003,128
ANWC142,1998,129
ANWC142,1991,161
ANWC142,1990,112
ANWC142,2004,166
ANWC142,2008,154
ANWC142,1999,119
ANWC142,1993,119
ANWC142,1992,160
ANWC142,1997,143
ANWC142,1994,126
ANWC142,2009,8
ANWC142,2005,147
ANWC142,2006,138
ANWC142,2000,106
ANWC142,2007,139
ANWC142,2001,184
ANWC142,1996,124
ANWC143,1995,162
ANWC143,2008,154
ANWC143,1989,193
ANWC143,1999,119
ANWC143,2003,128
ANWC143,1991,161
ANWC143,1994,126
ANWC143,1998,129
ANWC143,1990,112
ANWC143,2004,166
ANWC143,1992,160
ANWC143,2005,147
ANWC143,1993,119
ANWC143,2001,184
ANWC143,2007,139
ANWC143,2002,142
ANWC143,1997,143
ANWC143,2009,8
ANWC143,2006,138
ANWC143,1996,124
ANWC143,2000,106
ANWC144,1990,144
ANWC144,1995,179
ANWC144,2005,155
ANWC144,2002,157
ANWC144,2001,201
ANWC144,1993,142
ANWC144,1989,212
ANWC144,1999,117
ANWC144,2004,180
ANWC144,1998,137
ANWC144,2007,161
ANWC144,1997,187
ANWC144,2003,143
ANWC144,1996,130
ANWC144,2006,165
ANWC144,1994,143
ANWC144,2008,163
ANWC144,2000,103
ANWC144,1991,205
ANWC144,1992,181
ANWC144,2009,7
ANWC145,2000,109
ANWC145,1999,81
ANWC145,1992,162
ANWC145,2010,2
ANWC145,1997,176
ANWC145,1996,115
ANWC145,2005,121
ANWC145,2001,165
ANWC145,1995,161
ANWC145,1990,123
ANWC145,1994,124
ANWC145,2004,168
ANWC145,2006,145
ANWC145,1993,126
ANWC145,2008,151
ANWC145,2003,113
ANWC145,1998,110
ANWC145,2002,169
ANWC145,1991,210
ANWC145,2007,134
ANWC145,2009,176
ANWC146,2000,109
ANWC146,2010,2
ANWC146,1994,124
ANWC146,1996,115
ANWC146,2001,165
ANWC146,1992,162
ANWC146,1995,161
ANWC146,2009,176
ANWC146,1999,81
ANWC146,2002,169
ANWC146,2004,168
ANWC146,2006,145
ANWC146,2005,121
ANWC146,2003,113
ANWC146,1997,176
ANWC146,1993,126
ANWC146,2007,134
ANWC146,1991,210
ANWC146,2008,151
ANWC146,1998,110
ANWC146,1990,123
ANWC147,2008,214
ANWC147,2009,241
ANWC147,2005,183
ANWC147,1998,194
ANWC147,1992,205
ANWC147,2010,4
ANWC147,2007,229
ANWC147,1999,147
ANWC147,2001,223
ANWC147,1995,201
ANWC147,1991,247
ANWC147,1990,174
ANWC147,2004,233
ANWC147,2002,211
ANWC147,2000,165
ANWC147,1993,187
ANWC147,2006,219
ANWC147,1994,179
ANWC147,2003,178
ANWC147,1997,217
ANWC147,1996,187
ANWC148,2001,223
ANWC148,2008,214
ANWC148,2009,241
ANWC148,1994,179
ANWC148,1998,194
ANWC148,2007,229
ANWC148,2010,4
ANWC148,1990,174
ANWC148,1991,247
ANWC148,1993,187
ANWC148,2005,183
ANWC148,2003,178
ANWC148,2000,165
ANWC148,2004,233
ANWC148,1992,205
ANWC148,1995,201
ANWC148,1997,217
ANWC148,1999,147
ANWC148,1996,187
ANWC148,2002,211
ANWC148,2006,219
ANWC150,2000,155
ANWC150,1993,173
ANWC150,1995,194
ANWC150,1991,239
ANWC150,2001,214
ANWC150,2004,231
ANWC150,2009,233
ANWC150,1997,213
ANWC150,2006,207
ANWC150,1992,196
ANWC150,2010,3
ANWC150,1996,168
ANWC150,2005,168
ANWC150,2007,218
ANWC150,1994,168
ANWC150,2002,199
ANWC150,1998,178
ANWC150,2008,206
ANWC150,2003,163
ANWC150,1990,170
ANWC150,1999,131
ANWC151,2008,214
ANWC151,1994,179
ANWC151,1998,194
ANWC151,1990,174
ANWC151,2001,223
ANWC151,2000,165
ANWC151,2006,219
ANWC151,2007,229
ANWC151,2009,241
ANWC151,2005,183
ANWC151,2010,4
ANWC151,1991,247
ANWC151,2004,233
ANWC151,1995,201
ANWC151,2002,211
ANWC151,1996,187
ANWC151,2003,178
ANWC151,1992,205
ANWC151,1993,187
ANWC151,1999,147
ANWC151,1997,217
ANWC152,1991,243
ANWC152,1990,175
ANWC152,2005,185
ANWC152,1995,195
ANWC152,1997,216
ANWC152,1992,198
ANWC152,2009,236
ANWC152,2000,163
ANWC152,2003,169
ANWC152,2006,211
ANWC152,1999,145
ANWC152,1993,183
ANWC152,1996,181
ANWC152,2010,4
ANWC152,2007,222
ANWC152,2002,207
ANWC152,2001,217
ANWC152,1998,188
ANWC152,1994,177
ANWC152,2004,234
ANWC152,2008,218
ANWC153,1990,175
ANWC153,2005,185
ANWC153,1991,243
ANWC153,1997,216
ANWC153,2009,236
ANWC153,1995,195
ANWC153,2006,211
ANWC153,2008,218
ANWC153,2003,169
ANWC153,1994,177
ANWC153,2004,234
ANWC153,1992,198
ANWC153,2000,163
ANWC153,2010,4
ANWC153,2007,222
ANWC153,1999,145
ANWC153,1998,188
ANWC153,1993,183
ANWC153,1996,181
ANWC153,2002,207
ANWC153,2001,217
ANWC154,1995,195
ANWC154,2006,211
ANWC154,1991,243
ANWC154,2007,222
ANWC154,2009,236
ANWC154,1997,216
ANWC154,2005,185
ANWC154,2002,207
ANWC154,2010,4
ANWC154,1990,175
ANWC154,2003,169
ANWC154,1992,198
ANWC154,1994,177
ANWC154,1998,188
ANWC154,2004,234
ANWC154,1993,183
ANWC154,1996,181
ANWC154,2000,163
ANWC154,2008,218
ANWC154,1999,145
ANWC154,2001,217
ANWC155,1990,179
ANWC155,1991,246
ANWC155,2005,193
ANWC155,2004,236
ANWC155,1992,203
ANWC155,2003,175
ANWC155,2006,219
ANWC155,1993,191
ANWC155,2009,240
ANWC155,1995,201
ANWC155,1997,218
ANWC155,1998,194
ANWC155,1999,147
ANWC155,2001,220
ANWC155,2000,169
ANWC155,2002,215
ANWC155,1994,183
ANWC155,2010,4
ANWC155,2007,231
ANWC155,2008,222
ANWC155,1996,191
ANWC156,2004,236
ANWC156,2003,175
ANWC156,1990,179
ANWC156,1995,201
ANWC156,1999,147
ANWC156,1991,246
ANWC156,2009,240
ANWC156,2001,220
ANWC156,2002,215
ANWC156,1994,183
ANWC156,1997,218
ANWC156,2006,219
ANWC156,1998,194
ANWC156,2000,169
ANWC156,2005,193
ANWC156,1996,191
ANWC156,1993,191
ANWC156,2010,4
ANWC156,2007,231
ANWC156,1992,203
ANWC156,2008,222
ANWC157,2004,236
ANWC157,1996,192
ANWC157,2005,195
ANWC157,2010,4
ANWC157,2002,215
ANWC157,2001,223
ANWC157,1994,181
ANWC157,2008,223
ANWC157,2003,181
ANWC157,1990,180
ANWC157,1993,191
ANWC157,2009,242
ANWC157,1998,196
ANWC157,1991,248
ANWC157,1997,218
ANWC157,2007,232
ANWC157,2000,170
ANWC157,1999,148
ANWC157,2006,219
ANWC157,1992,203
ANWC157,1995,206
ANWC158,2003,133
ANWC158,2004,204
ANWC158,2006,161
ANWC158,1995,174
ANWC158,2001,174
ANWC158,2010,3
ANWC158,1992,171
ANWC158,1994,141
ANWC158,2005,137
ANWC158,1997,195
ANWC158,1999,103
ANWC158,2002,178
ANWC158,1991,223
ANWC158,2007,166
ANWC158,1996,143
ANWC158,2009,199
ANWC158,2008,180
ANWC158,1998,134
ANWC158,1993,131
ANWC158,2000,126
ANWC158,1990,138
ANWC159,2003,133
ANWC159,2001,174
ANWC159,2004,204
ANWC159,2009,199
ANWC159,1996,143
ANWC159,1995,174
ANWC159,2006,161
ANWC159,2010,3
ANWC159,2002,178
ANWC159,2000,126
ANWC159,2008,180
ANWC159,1992,171
ANWC159,2005,137
ANWC159,1999,103
ANWC159,1997,195
ANWC159,1991,223
ANWC159,1998,134
ANWC159,1990,138
ANWC159,2007,166
ANWC159,1993,131
ANWC159,1994,141
ANWC160,1990,150
ANWC160,1998,145
ANWC160,1996,149
ANWC160,1991,229
ANWC160,2009,202
ANWC160,2001,177
ANWC160,1994,149
ANWC160,2002,189
ANWC160,2005,148
ANWC160,2007,183
ANWC160,2000,131
ANWC160,2006,169
ANWC160,2003,143
ANWC160,1992,177
ANWC160,2004,208
ANWC160,1993,137
ANWC160,1999,117
ANWC160,1997,197
ANWC160,2008,193
ANWC160,1995,188
ANWC160,2010,3
ANWC161,1998,145
ANWC161,1990,150
ANWC161,2006,169
ANWC161,2001,177
ANWC161,2007,183
ANWC161,2002,189
ANWC161,2003,143
ANWC161,1991,229
ANWC161,1992,177
ANWC161,1996,149
ANWC161,2009,202
ANWC161,1994,149
ANWC161,2004,208
ANWC161,1995,188
ANWC161,2010,3
ANWC161,1997,197
ANWC161,1999,117
ANWC161,2005,148
ANWC161,1993,137
ANWC161,2000,131
ANWC161,2008,193
ANWC162,2005,139
ANWC162,1990,145
ANWC162,1991,234
ANWC162,2001,177
ANWC162,2003,126
ANWC162,1992,173
ANWC162,1996,139
ANWC162,1994,148
ANWC162,2004,195
ANWC162,1993,136
ANWC162,2010,4
ANWC162,2000,122
ANWC162,1998,141
ANWC162,2008,181
ANWC162,2009,190
ANWC162,2002,173
ANWC162,2007,164
ANWC162,2006,167
ANWC162,1995,182
ANWC162,1997,195
ANWC162,1999,109
ANWC163,1990,140
ANWC163,1998,140
ANWC163,1992,170
ANWC163,1993,133
ANWC163,1995,180
ANWC163,2008,180
ANWC163,1994,144
ANWC163,2006,166
ANWC163,2002,171
ANWC163,1997,194
ANWC163,2007,161
ANWC163,2000,118
ANWC163,2005,137
ANWC163,2001,175
ANWC163,2003,122
ANWC163,1999,107
ANWC163,1996,135
ANWC163,2009,185
ANWC163,2010,3
ANWC163,2004,193
ANWC163,1991,232
ANWC168,1998,28
ANWC168,1995,73
ANWC168,2008,49
ANWC168,1990,42
ANWC168,1992,52
ANWC168,2004,75
ANWC168,1994,76
ANWC168,1997,90
ANWC168,2007,25
ANWC168,2010,0
ANWC168,2006,52
ANWC168,2009,48
ANWC168,2002,89
ANWC168,1991,91
ANWC168,2003,68
ANWC168,2001,84
ANWC168,2005,95
ANWC168,2000,39
ANWC168,1993,60
ANWC168,1999,32
ANWC168,1996,36
ANWC170,1991,79
ANWC170,2010,2
ANWC170,1999,25
ANWC170,1990,38
ANWC170,2003,68
ANWC170,2001,74
ANWC170,2009,53
ANWC170,1992,47
ANWC170,1993,47
ANWC170,2002,75
ANWC170,2007,18
ANWC170,1996,34
ANWC170,2000,29
ANWC170,2008,29
ANWC170,1998,23
ANWC170,2004,62
ANWC170,1994,67
ANWC170,1995,67
ANWC170,2006,44
ANWC170,2005,91
ANWC170,1997,83
ANWC66,1991,141
ANWC66,1989,141
ANWC66,1983,88
ANWC66,1995,105
ANWC66,1981,93
ANWC66,1996,69
ANWC66,1999,65
ANWC66,2000,55
ANWC66,1986,104
ANWC66,1990,98
ANWC66,1985,155
ANWC66,1982,112
ANWC66,1988,125
ANWC66,1984,127
ANWC66,1998,88
ANWC66,1992,82
ANWC66,2001,43
ANWC66,1993,89
ANWC66,1994,94
ANWC66,1987,137
ANWC66,1997,103
ANWC67,1986,104
ANWC67,1990,98
ANWC67,1988,125
ANWC67,1989,141
ANWC67,1981,93
ANWC67,1984,127
ANWC67,1985,155
ANWC67,1999,65
ANWC67,1995,105
ANWC67,1987,137
ANWC67,1998,88
ANWC67,1991,141
ANWC67,1992,82
ANWC67,2001,43
ANWC67,1983,88
ANWC67,1993,89
ANWC67,1982,112
ANWC67,1997,103
ANWC67,1994,94
ANWC67,1996,69
ANWC67,2000,55
ANWC68,1983,85
ANWC68,1996,66
ANWC68,1993,79
ANWC68,1995,99
ANWC68,1998,76
ANWC68,1986,100
ANWC68,1997,84
ANWC68,2000,50
ANWC68,1992,78
ANWC68,1984,125
ANWC68,1987,125
ANWC68,1988,119
ANWC68,1982,109
ANWC68,1990,86
ANWC68,1991,128
ANWC68,1994,84
ANWC68,2001,39
ANWC68,1989,135
ANWC68,1981,90
ANWC68,1985,147
ANWC68,1999,60
ANWC69,1986,100
ANWC69,1996,66
ANWC69,1993,79
ANWC69,1983,85
ANWC69,1989,135
ANWC69,1995,99
ANWC69,2000,50
ANWC69,1981,90
ANWC69,1985,147
ANWC69,1988,119
ANWC69,1997,84
ANWC69,1998,76
ANWC69,1990,86
ANWC69,1991,128
ANWC69,1992,78
ANWC69,1999,60
ANWC69,1987,125
ANWC69,1994,84
ANWC69,2001,39
ANWC69,1984,125
ANWC69,1982,109
ANWC71,1979,93
ANWC71,1987,66
ANWC71,1995,65
ANWC71,1985,81
ANWC71,1990,99
ANWC71,1986,57
ANWC71,1988,76
ANWC71,1980,98
ANWC71,1983,52
ANWC71,1991,59
ANWC71,1998,54
ANWC71,1993,62
ANWC71,1994,67
ANWC71,1997,102
ANWC71,1982,98
ANWC71,1978,54
ANWC71,1984,72
ANWC71,1996,71
ANWC71,1992,64
ANWC71,1981,69
ANWC71,1989,77
ANWC72,2000,88
ANWC72,1999,61
ANWC72,2001,51
ANWC72,1986,65
ANWC72,1982,93
ANWC72,1996,72
ANWC72,1994,72
ANWC72,1985,85
ANWC72,1989,83
ANWC72,1997,88
ANWC72,1981,0
ANWC72,1995,81
ANWC72,1987,83
ANWC72,1984,90
ANWC72,1983,81
ANWC72,1993,77
ANWC72,1998,82
ANWC72,1990,102
ANWC72,1992,69
ANWC72,1988,80
ANWC72,1991,82
ANWC73,1981,0
ANWC73,1999,61
ANWC73,2001,51
ANWC73,1985,85
ANWC73,1987,83
ANWC73,1989,83
ANWC73,1998,82
ANWC73,2000,88
ANWC73,1986,65
ANWC73,1984,90
ANWC73,1988,80
ANWC73,1982,93
ANWC73,1990,102
ANWC73,1994,72
ANWC73,1991,82
ANWC73,1992,69
ANWC73,1983,81
ANWC73,1993,77
ANWC73,1996,72
ANWC73,1997,88
ANWC73,1995,81
ANWC75,1995,104
ANWC75,1981,0
ANWC75,1993,85
ANWC75,1991,110
ANWC75,1982,97
ANWC75,1994,89
ANWC75,2000,95
ANWC75,2001,65
ANWC75,1999,72
ANWC75,1997,123
ANWC75,1996,94
ANWC75,1987,99
ANWC75,1985,114
ANWC75,1986,83
ANWC75,1989,101
ANWC75,1990,114
ANWC75,1983,92
ANWC75,1992,93
ANWC75,1984,118
ANWC75,1998,116
ANWC75,1988,88
ANWC77,1987,104
ANWC77,1991,91
ANWC77,1989,97
ANWC77,1983,87
ANWC77,1993,86
ANWC77,1992,79
ANWC77,1996,110
ANWC77,1994,76
ANWC77,1981,0
ANWC77,1995,102
ANWC77,1999,48
ANWC77,1984,99
ANWC77,1985,110
ANWC77,1982,94
ANWC77,1998,100
ANWC77,2001,74
ANWC77,1990,112
ANWC77,1997,110
ANWC77,2000,94
ANWC77,1988,86
ANWC77,1986,88
ANWC78,1989,108
ANWC78,1998,110
ANWC78,2000,99
ANWC78,1988,104
ANWC78,1991,128
ANWC78,1984,134
ANWC78,1985,147
ANWC78,1982,131
ANWC78,1996,106
ANWC78,1995,121
ANWC78,1983,122
ANWC78,1992,109
ANWC78,1981,0
ANWC78,1987,122
ANWC78,2001,98
ANWC78,1990,144
ANWC78,1997,127
ANWC78,1999,64
ANWC78,1993,115
ANWC78,1994,98
ANWC78,1986,116
ANWC79,1987,158
ANWC79,2000,161
ANWC79,1989,173
ANWC79,1982,171
ANWC79,2001,171
ANWC79,1996,163
ANWC79,1997,179
ANWC79,1983,164
ANWC79,1985,164
ANWC79,1990,172
ANWC79,1991,165
ANWC79,1981,0
ANWC79,1998,138
ANWC79,1995,163
ANWC79,1988,152
ANWC79,1993,151
ANWC79,1986,167
ANWC79,1984,167
ANWC79,1994,151
ANWC79,1999,127
ANWC79,1992,166
ANWC80,1996,141
ANWC80,1995,155
ANWC80,1994,141
ANWC80,1989,179
ANWC80,1997,178
ANWC80,1987,163
ANWC80,1992,172
ANWC80,1983,158
ANWC80,1993,154
ANWC80,1990,180
ANWC80,1998,139
ANWC80,2001,162
ANWC80,1986,162
ANWC80,1985,167
ANWC80,1981,0
ANWC80,1988,162
ANWC80,1984,168
ANWC80,1991,170
ANWC80,1982,162
ANWC80,2000,144
ANWC80,1999,113
ANWC81,2000,52
ANWC81,1994,51
ANWC81,1992,35
ANWC81,1988,65
ANWC81,1985,31
ANWC81,1991,26
ANWC81,1983,51
ANWC81,1981,0
ANWC81,1986,38
ANWC81,1999,62
ANWC81,1993,39
ANWC81,1998,38
ANWC81,2001,56
ANWC81,1989,33
ANWC81,1997,54
ANWC81,1995,54
ANWC81,1996,53
ANWC81,1990,43
ANWC81,1987,54
ANWC81,1984,39
ANWC81,1982,41
ANWC84,1982,143
ANWC84,1968,146
ANWC84,1970,133
ANWC84,1977,154
ANWC84,1969,160
ANWC84,1976,91
ANWC84,1979,133
ANWC84,1988,81
ANWC84,1980,134
ANWC84,1974,108
ANWC84,1985,174
ANWC84,1983,121
ANWC84,1978,82
ANWC84,1973,69
ANWC84,1984,152
ANWC84,1986,152
ANWC84,1971,144
ANWC84,1972,126
ANWC84,1981,142
ANWC84,1987,167
ANWC84,1975,81
ANWC85,1972,107
ANWC85,1988,78
ANWC85,1969,140
ANWC85,1973,61
ANWC85,1976,76
ANWC85,1985,147
ANWC85,1971,127
ANWC85,1983,103
ANWC85,1987,155
ANWC85,1982,129
ANWC85,1986,129
ANWC85,1978,72
ANWC85,1981,122
ANWC85,1970,123
ANWC85,1974,85
ANWC85,1968,131
ANWC85,1977,125
ANWC85,1979,103
ANWC85,1984,131
ANWC85,1980,113
ANWC85,1975,64
ANWC88,1994,4
ANWC88,1988,31
ANWC88,1981,35
ANWC88,1989,35
ANWC88,1977,44
ANWC88,1980,57
ANWC88,1974,26
ANWC88,1984,26
ANWC88,1983,27
ANWC88,1993,19
ANWC88,1982,53
ANWC88,1985,23
ANWC88,1991,20
ANWC88,1990,41
ANWC88,1978,43
ANWC88,1976,36
ANWC88,1992,18
ANWC88,1987,33
ANWC88,1975,28
ANWC88,1979,33
ANWC88,1986,17
ANWC90,1983,7
ANWC90,1984,10
ANWC90,1974,5
ANWC90,1979,3
ANWC90,1977,3
ANWC90,1986,8
ANWC90,1985,7
ANWC90,1993,3
ANWC90,1976,7
ANWC90,1978,7
ANWC90,1987,12
ANWC90,1991,3
ANWC90,1988,15
ANWC90,1990,10
ANWC90,1975,7
ANWC90,1981,15
ANWC90,1982,17
ANWC90,1989,6
ANWC90,1992,6
ANWC90,1980,12
ANWC90,1994,0
ANWC92,1975,3
ANWC92,1988,8
ANWC92,1984,4
ANWC92,1983,1
ANWC92,1976,4
ANWC92,1974,4
ANWC92,1985,4
ANWC92,1993,3
ANWC92,1992,5
ANWC92,1980,10
ANWC92,1977,1
ANWC92,1991,1
ANWC92,1981,12
ANWC92,1989,3
ANWC92,1986,2
ANWC92,1982,12
ANWC92,1979,3
ANWC92,1994,0
ANWC92,1987,6
ANWC92,1978,4
ANWC92,1990,5
ANWC94,1980,45
ANWC94,1981,34
ANWC94,1994,4
ANWC94,1985,26
ANWC94,1976,26
ANWC94,1975,23
ANWC94,1989,35
ANWC94,1990,43
ANWC94,1993,19
ANWC94,1984,34
ANWC94,1977,31
ANWC94,1988,43
ANWC94,1979,23
ANWC94,1991,25
ANWC94,1986,20
ANWC94,1992,22
ANWC94,1983,33
ANWC94,1974,17
ANWC94,1978,36
ANWC94,1987,33
ANWC94,1982,39
SAM11,1990,141
SAM11,1997,13
SAM11,1981,121
SAM11,1979,136
SAM11,1992,103
SAM11,1996,110
SAM11,1978,110
SAM11,1987,131
SAM11,1989,112
SAM11,1986,102
SAM11,1995,116
SAM11,1994,112
SAM11,1983,106
SAM11,1991,129
SAM11,1977,126
SAM11,1982,123
SAM11,1980,125
SAM11,1993,102
SAM11,1988,113
SAM11,1984,130
SAM11,1985,125
SAM12,1991,127
SAM12,1990,140
SAM12,1994,110
SAM12,1977,128
SAM12,1982,121
SAM12,1983,107
SAM12,1989,117
SAM12,1985,127
SAM12,1993,103
SAM12,1992,104
SAM12,1987,129
SAM12,1981,121
SAM12,1996,109
SAM12,1979,139
SAM12,1995,115
SAM12,1980,125
SAM12,1984,130
SAM12,1988,112
SAM12,1986,102
SAM12,1997,14
SAM12,1978,113
SAM14,1989,117
SAM14,1982,133
SAM14,1987,136
SAM14,1978,121
SAM14,1995,117
SAM14,1998,15
SAM14,1994,116
SAM14,1983,111
SAM14,1993,111
SAM14,1991,141
SAM14,1985,133
SAM14,1986,107
SAM14,1981,130
SAM14,1997,142
SAM14,1990,133
SAM14,1988,123
SAM14,1984,136
SAM14,1980,131
SAM14,1996,120
SAM14,1992,112
SAM14,1979,151
SAM15,1984,136
SAM15,1989,117
SAM15,1988,123
SAM15,1978,121
SAM15,1995,117
SAM15,1994,116
SAM15,1982,133
SAM15,1985,133
SAM15,1991,141
SAM15,1998,15
SAM15,1981,130
SAM15,1997,142
SAM15,1980,131
SAM15,1990,133
SAM15,1993,111
SAM15,1987,136
SAM15,1979,151
SAM15,1983,111
SAM15,1986,107
SAM15,1996,120
SAM15,1992,112
SAM16,1980,124
SAM16,1988,117
SAM16,1985,124
SAM16,1990,139
SAM16,1998,15
SAM16,1986,105
SAM16,1994,110
SAM16,1981,125
SAM16,1984,131
SAM16,1995,115
SAM16,1997,135
SAM16,1992,106
SAM16,1983,112
SAM16,1979,142
SAM16,1993,100
SAM16,1982,127
SAM16,1989,112
SAM16,1987,134
SAM16,1978,111
SAM16,1996,111
SAM16,1991,134
SAM17,1986,76
SAM17,1979,117
SAM17,1985,105
SAM17,1994,92
SAM17,1980,102
SAM17,1992,86
SAM17,1997,116
SAM17,1987,105
SAM17,1982,102
SAM17,1989,98
SAM17,1983,92
SAM17,1991,96
SAM17,1984,109
SAM17,1995,99
SAM17,1993,92
SAM17,1981,92
SAM17,1988,92
SAM17,1998,112
SAM17,1999,12
SAM17,1990,126
SAM17,1996,91
SAM18,1986,76
SAM18,1980,102
SAM18,1995,99
SAM18,1985,105
SAM18,1994,92
SAM18,1983,92
SAM18,1993,92
SAM18,1988,92
SAM18,1984,109
SAM18,1997,116
SAM18,1979,117
SAM18,1989,98
SAM18,1981,92
SAM18,1982,102
SAM18,1990,126
SAM18,1992,86
SAM18,1991,96
SAM18,1996,91
SAM18,1999,12
SAM18,1987,105
SAM18,1998,112
SAM19,1986,11
SAM19,1985,11
SAM19,1988,26
SAM19,1999,12
SAM19,1991,11
SAM19,1983,8
SAM19,1995,8
SAM19,1979,8
SAM19,1990,26
SAM19,1981,26
SAM19,1998,24
SAM19,1997,19
SAM19,1996,21
SAM19,1987,15
SAM19,1982,34
SAM19,1984,15
SAM19,1993,10
SAM19,1980,35
SAM19,1994,20
SAM19,1989,16
SAM19,1992,13
SAM20,1990,59
SAM20,1977,41
SAM20,1980,55
SAM20,1983,42
SAM20,1982,43
SAM20,1981,38
SAM20,1991,31
SAM20,1993,31
SAM20,1992,27
SAM20,1984,37
SAM20,1986,26
SAM20,1985,34
SAM20,1997,13
SAM20,1989,33
SAM20,1996,42
SAM20,1987,38
SAM20,1988,45
SAM20,1979,40
SAM20,1978,46
SAM20,1994,48
SAM20,1995,51
SAM21,1977,41
SAM21,1982,43
SAM21,1991,31
SAM21,1980,55
SAM21,1981,38
SAM21,1986,26
SAM21,1993,31
SAM21,1984,37
SAM21,1985,34
SAM21,1987,38
SAM21,1990,59
SAM21,1979,40
SAM21,1992,27
SAM21,1995,51
SAM21,1997,13
SAM21,1996,42
SAM21,1983,42
SAM21,1988,45
SAM21,1989,33
SAM21,1978,46
SAM21,1994,48
SAM25,1987,27
SAM25,2000,44
SAM25,1986,20
SAM25,1992,19
SAM25,1997,29
SAM25,2003,37
SAM25,2001,17
SAM25,1985,26
SAM25,1988,38
SAM25,1998,37
SAM25,1995,24
SAM25,1994,32
SAM25,1984,31
SAM25,1991,22
SAM25,1996,24
SAM25,2002,31
SAM25,2004,6
SAM25,1999,29
SAM25,1989,29
SAM25,1990,34
SAM25,1993,18
SAM26,2003,37
SAM26,2000,44
SAM26,1998,37
SAM26,1993,18
SAM26,1986,20
SAM26,1987,27
SAM26,1984,28
SAM26,2004,11
SAM26,1992,19
SAM26,2002,31
SAM26,1999,29
SAM26,2001,17
SAM26,1988,38
SAM26,1996,24
SAM26,1995,24
SAM26,1990,34
SAM26,1994,32
SAM26,1991,22
SAM26,1997,29
SAM26,1989,29
SAM26,1985,26
SAM27,2000,44
SAM27,1998,37
SAM27,1984,28
SAM27,1987,27
SAM27,2003,37
SAM27,1986,20
SAM27,1993,18
SAM27,1991,22
SAM27,1989,29
SAM27,2004,11
SAM27,2001,17
SAM27,1999,29
SAM27,2002,31
SAM27,1992,19
SAM27,1988,38
SAM27,1990,34
SAM27,1994,32
SAM27,1985,26
SAM27,1997,29
SAM27,1996,24
SAM27,1995,24
SAM28,2000,70
SAM28,1993,43
SAM28,2001,57
SAM28,1986,0
SAM28,2002,0
SAM28,2003,1
SAM28,1997,32
SAM28,2004,16
SAM28,1990,0
SAM28,1998,0
SAM28,1994,0
SAM28,1987,4
SAM28,1985,49
SAM28,1992,39
SAM28,1988,66
SAM28,1991,1
SAM28,1999,3
SAM28,1996,71
SAM28,1989,58
SAM28,1995,3
SAM28,1984,63
SAM29,2004,33
SAM29,2000,44
SAM29,1995,27
SAM29,1996,25
SAM29,2005,1
SAM29,2003,38
SAM29,1986,20
SAM29,2002,31
SAM29,1988,39
SAM29,1990,35
SAM29,2001,17
SAM29,1999,30
SAM29,1992,19
SAM29,1985,28
SAM29,1993,19
SAM29,1998,38
SAM29,1997,29
SAM29,1987,28
SAM29,1989,29
SAM29,1994,32
SAM29,1991,22
SAM30,2004,33
SAM30,1996,25
SAM30,1995,27
SAM30,1986,20
SAM30,2001,17
SAM30,2000,44
SAM30,1987,28
SAM30,1999,30
SAM30,1993,19
SAM30,1985,28
SAM30,1992,19
SAM30,2005,1
SAM30,2003,38
SAM30,1998,38
SAM30,1991,22
SAM30,2002,31
SAM30,1988,39
SAM30,1990,35
SAM30,1989,29
SAM30,1997,29
SAM30,1994,32
SAM31,1996,25
SAM31,1986,20
SAM31,2000,44
SAM31,2005,1
SAM31,1995,27
SAM31,2004,33
SAM31,1993,19
SAM31,1998,38
SAM31,2003,38
SAM31,1992,19
SAM31,2001,17
SAM31,2002,31
SAM31,1985,28
SAM31,1988,39
SAM31,1991,22
SAM31,1999,30
SAM31,1987,28
SAM31,1990,35
SAM31,1994,32
SAM31,1989,29
SAM31,1997,29
SAM32,1998,37
SAM32,2005,1
SAM32,1993,18
SAM32,1987,27
SAM32,2000,44
SAM32,2001,17
SAM32,1985,26
SAM32,1986,20
SAM32,1988,38
SAM32,2003,37
SAM32,1996,24
SAM32,2002,31
SAM32,1991,22
SAM32,1989,29
SAM32,1995,24
SAM32,1999,29
SAM32,2004,32
SAM32,1994,32
SAM32,1997,29
SAM32,1990,34
SAM32,1992,19
SAM33,1992,44
SAM33,1990,69
SAM33,2006,66
SAM33,1993,51
SAM33,2003,50
SAM33,1994,49
SAM33,1988,52
SAM33,1995,72
SAM33,2000,51
SAM33,2007,0
SAM33,1989,61
SAM33,1996,67
SAM33,1999,46
SAM33,2001,38
SAM33,2005,45
SAM33,2002,51
SAM33,2004,71
SAM33,1987,56
SAM33,1998,48
SAM33,1991,48
SAM33,1997,58
SAM34,1995,68
SAM34,2004,68
SAM34,1990,68
SAM34,2005,44
SAM34,1989,59
SAM34,1996,64
SAM34,1999,44
SAM34,1987,52
SAM34,2002,49
SAM34,1992,40
SAM34,2000,51
SAM34,1994,46
SAM34,2006,62
SAM34,2001,36
SAM34,1998,47
SAM34,1991,47
SAM34,1997,58
SAM34,2007,0
SAM34,1993,48
SAM34,1988,47
SAM34,2003,48
SAM35,2007,1
SAM35,2004,57
SAM35,2000,50
SAM35,1989,50
SAM35,2001,26
SAM35,2006,56
SAM35,2002,45
SAM35,1987,40
SAM35,1991,37
SAM35,1988,46
SAM35,1993,41
SAM35,1998,40
SAM35,1992,28
SAM35,1996,51
SAM35,1995,54
SAM35,1990,60
SAM35,2003,40
SAM35,1997,51
SAM35,1999,40
SAM35,1994,39
SAM35,2005,40
SAM36,1996,43
SAM36,1990,52
SAM36,2003,37
SAM36,2006,54
SAM36,1989,41
SAM36,2007,0
SAM36,2004,54
SAM36,2001,24
SAM36,1992,27
SAM36,1993,33
SAM36,2000,46
SAM36,1988,38
SAM36,1987,36
SAM36,1991,35
SAM36,1995,51
SAM36,1999,35
SAM36,2005,38
SAM36,1997,38
SAM36,1998,34
SAM36,2002,39
SAM36,1994,34
SAM37,1989,59
SAM37,2007,0
SAM37,2004,68
SAM37,2006,62
SAM37,2001,36
SAM37,1988,47
SAM37,2000,51
SAM37,1995,68
SAM37,1996,64
SAM37,1998,47
SAM37,2005,44
SAM37,1990,68
SAM37,1991,47
SAM37,1992,40
SAM37,2002,49
SAM37,1994,46
SAM37,2003,48
SAM37,1999,44
SAM37,1997,58
SAM37,1993,48
SAM37,1987,52
SAM38,2004,70
SAM38,1996,70
SAM38,2002,55
SAM38,2003,53
SAM38,1988,53
SAM38,1998,54
SAM38,1997,64
SAM38,1991,59
SAM38,1999,47
SAM38,2001,35
SAM38,2006,68
SAM38,2000,57
SAM38,1989,65
SAM38,1993,57
SAM38,1994,49
SAM38,1992,44
SAM38,2007,1
SAM38,1987,58
SAM38,1990,75
SAM38,2005,44
SAM38,1995,75
SAM39,2006,53
SAM39,2007,0
SAM39,1989,42
SAM39,1999,35
SAM39,1997,40
SAM39,1996,43
SAM39,2005,40
SAM39,1988,38
SAM39,1994,35
SAM39,1993,32
SAM39,1998,33
SAM39,2002,39
SAM39,1990,52
SAM39,2001,23
SAM39,1991,35
SAM39,1987,37
SAM39,2004,54
SAM39,2000,48
SAM39,1995,52
SAM39,1992,27
SAM39,2003,37
SAM41,2005,47
SAM41,1993,22
SAM41,1999,40
SAM41,1998,51
SAM41,2007,59
SAM41,2000,59
SAM41,1994,47
SAM41,1997,40
SAM41,2008,42
SAM41,2003,51
SAM41,2006,54
SAM41,2010,39
SAM41,1996,37
SAM41,2001,25
SAM41,2009,60
SAM41,2002,50
SAM41,2012,23
SAM41,1992,26
SAM41,2004,46
SAM41,2011,46
SAM41,1995,44
SAM44,1985,30
SAM44,1993,26
SAM44,1990,0
SAM44,1988,76
SAM44,2003,6
SAM44,1992,55
SAM44,1997,24
SAM44,1994,0
SAM44,2004,25
SAM44,2000,89
SAM44,1986,0
SAM44,2001,33
SAM44,1991,2
SAM44,1989,41
SAM44,1995,11
SAM44,1999,8
SAM44,1996,71
SAM44,1987,11
SAM44,1984,68
SAM44,2002,0
SAM44,1998,0
SAM45,1995,11
SAM45,1987,18
SAM45,1985,26
SAM45,2004,29
SAM45,1994,0
SAM45,1999,12
SAM45,2003,9
SAM45,1991,5
SAM45,1990,0
SAM45,1993,22
SAM45,1988,77
SAM45,2000,92
SAM45,1998,0
SAM45,1996,80
SAM45,1984,65
SAM45,1997,15
SAM45,1986,0
SAM45,2002,0
SAM45,1992,56
SAM45,2001,26
SAM45,1989,33
SAM46,1984,70
SAM46,2001,43
SAM46,1998,0
SAM46,1996,70
SAM46,1986,0
SAM46,1994,0
SAM46,2002,0
SAM46,2003,6
SAM46,1999,7
SAM46,2000,80
SAM46,1995,7
SAM46,1988,71
SAM46,1991,1
SAM46,1997,29
SAM46,2004,15
SAM46,1990,0
SAM46,1987,9
SAM46,1993,38
SAM46,1985,38
SAM46,1989,48
SAM46,1992,44
SAM8,1984,128
SAM8,1981,116
SAM8,1982,121
SAM8,1987,128
SAM8,1993,103
SAM8,1992,103
SAM8,1983,108
SAM8,1979,136
SAM8,1996,108
SAM8,1989,114
SAM8,1994,107
SAM8,1990,141
SAM8,1991,123
SAM8,1980,124
SAM8,1977,130
SAM8,1995,112
SAM8,1986,102
SAM8,1988,109
SAM8,1978,114
SAM8,1985,125
SAM8,1997,14
WAM55,1978,37
WAM55,1984,34
WAM55,1976,31
WAM55,1982,31
WAM55,1986,31
WAM55,1990,45
WAM55,1979,45
WAM55,1974,28
WAM55,1972,30
WAM55,1985,30
WAM55,1992,7
WAM55,1983,40
WAM55,1975,42
WAM55,1980,41
WAM55,1987,47
WAM55,1977,50
WAM55,1988,39
WAM55,1973,43
WAM55,1989,22
WAM55,1991,21
WAM55,1981,25
WAM56,2000,145
WAM56,1998,120
WAM56,1997,160
WAM56,2002,159
WAM56,1986,135
WAM56,1988,141
WAM56,1994,129
WAM56,1987,127
WAM56,1991,127
WAM56,2003,133
WAM56,1995,140
WAM56,1984,158
WAM56,1996,148
WAM56,1992,125
WAM56,1993,140
WAM56,1990,154
WAM56,1989,137
WAM56,2004,23
WAM56,1985,137
WAM56,1999,123
WAM56,2001,124
WAM57,1998,120
WAM57,1987,127
WAM57,1986,135
WAM57,1994,129
WAM57,2003,133
WAM57,1997,160
WAM57,1991,127
WAM57,1996,148
WAM57,1988,141
WAM57,1995,140
WAM57,1989,137
WAM57,1984,158
WAM57,2001,124
WAM57,2002,159
WAM57,1999,123
WAM57,2000,145
WAM57,2004,23
WAM57,1985,137
WAM57,1993,140
WAM57,1992,125
WAM57,1990,154
WAM58,2003,18
WAM58,1999,32
WAM58,2000,31
WAM58,1995,30
WAM58,1990,22
WAM58,1993,20
WAM58,1994,24
WAM58,1989,22
WAM58,1998,22
WAM58,1984,20
WAM58,1992,13
WAM58,2004,0
WAM58,1997,26
WAM58,1986,21
WAM58,1985,23
WAM58,1996,35
WAM58,1991,13
WAM58,1988,36
WAM58,2002,36
WAM58,2001,36
WAM58,1987,36
WAM59,1997,96
WAM59,2003,83
WAM59,1992,127
WAM59,1984,0
WAM59,2001,122
WAM59,2002,113
WAM59,2000,43
WAM59,1995,63
WAM59,1998,81
WAM59,1991,98
WAM59,1989,153
WAM59,1988,132
WAM59,1996,67
WAM59,1986,100
WAM59,1993,85
WAM59,1994,67
WAM59,1999,46
WAM59,1987,119
WAM59,1985,105
WAM59,2004,101
WAM59,1990,84
WAM60,2003,83
WAM60,1996,67
WAM60,1989,153
WAM60,1986,100
WAM60,1994,67
WAM60,1993,85
WAM60,1995,63
WAM60,1984,0
WAM60,1988,132
WAM60,1987,119
WAM60,2000,43
WAM60,2004,101
WAM60,2002,113
WAM60,1999,46
WAM60,1998,81
WAM60,1992,127
WAM60,2001,122
WAM60,1991,98
WAM60,1985,105
WAM60,1990,84
WAM60,1997,96
WAM63,1986,143
WAM63,1999,95
WAM63,1997,153
WAM63,2002,153
WAM63,1990,156
WAM63,1994,132
WAM63,1998,126
WAM63,1991,153
WAM63,1996,138
WAM63,1995,144
WAM63,1989,142
WAM63,2005,14
WAM63,2000,123
WAM63,2003,131
WAM63,2004,186
WAM63,1985,161
WAM63,1988,124
WAM63,1993,134
WAM63,1987,145
WAM63,1992,145
WAM63,2001,137
WAM64,1998,126
WAM64,2002,153
WAM64,1994,132
WAM64,1985,161
WAM64,2003,131
WAM64,1989,142
WAM64,1999,95
WAM64,1996,138
WAM64,1990,156
WAM64,1992,145
WAM64,1991,153
WAM64,1988,124
WAM64,1993,134
WAM64,1997,153
WAM64,2005,14
WAM64,2004,186
WAM64,1995,144
WAM64,1986,143
WAM64,2001,137
WAM64,2000,123
WAM64,1987,145