SAMPLE.ID,YearJD,RainSum
ANWC100,1995,0.005133781
ANWC100,1994,0.003552937
ANWC100,1993,0.005097369
ANWC100,1992,0.010057912
ANWC100,1991,0.001687848
ANWC100,1989,0.00949466
ANWC100,1988,0.005343142
ANWC100,1987,0.004420148
ANWC100,1986,0.004604056
ANWC100,1985,0.002792132
ANWC100,1984,0.003310537
ANWC100,1983,0.008401904
ANWC100,1982,0.001237674
ANWC100,1981,0.004359219
ANWC100,1980,0.004981265
ANWC100,1979,0.006729307
ANWC100,1978,0.007172477
ANWC100,1977,0.00268608
ANWC100,1976,0.001876882
ANWC101,1995,0.00662601
ANWC101,1994,0.006754781
ANWC101,1993,0.010618039
ANWC101,1992,0.009616921
ANWC101,1991,0.001880901
ANWC101,1989,0.015706902
ANWC101,1988,0.008562368
ANWC101,1987,0.007525846
ANWC101,1986,0.007072102
ANWC101,1985,0.006164851
ANWC101,1984,0.003859796
ANWC101,1983,0.009235454
ANWC101,1982,0.00192024
ANWC101,1981,0.004808173
ANWC101,1980,0.00504616
ANWC101,1979,0.012997863
ANWC101,1978,0.009271687
ANWC101,1977,0.003173474
ANWC101,1976,0.002374777
ANWC102,1995,0.007183695
ANWC102,1994,0.007469913
ANWC102,1993,0.010989878
ANWC102,1992,0.009220539
ANWC102,1991,0.002123204
ANWC102,1989,0.020235698
ANWC102,1988,0.009706837
ANWC102,1987,0.008350495
ANWC102,1986,0.006871967
ANWC102,1985,0.006675268
ANWC102,1984,0.0044845
ANWC102,1983,0.009168503
ANWC102,1982,0.001690428
ANWC102,1981,0.005291936
ANWC102,1980,0.004876996
ANWC102,1979,0.012849064
ANWC102,1978,0.009755788
ANWC102,1977,0.003054461
ANWC102,1976,0.002352798
ANWC103,1995,0.010887471
ANWC103,1994,0.008045042
ANWC103,1993,0.008135537
ANWC103,1992,0.021809708
ANWC103,1991,0.007456264
ANWC103,1989,0.017417313
ANWC103,1988,0.00935754
ANWC103,1987,0.009101529
ANWC103,1986,0.012809096
ANWC103,1985,0.008854781
ANWC103,1984,0.00715785
ANWC103,1983,0.011076237
ANWC103,1982,0.002710694
ANWC103,1981,0.010287061
ANWC103,1980,0.012589136
ANWC103,1979,0.014962221
ANWC103,1978,0.010977559
ANWC103,1977,0.007910509
ANWC103,1976,0.004271174
ANWC104,1995,0.007640085
ANWC104,1994,0.006279355
ANWC104,1993,0.007300607
ANWC104,1992,0.016110647
ANWC104,1991,0.007863548
ANWC104,1989,0.009097947
ANWC104,1988,0.005837619
ANWC104,1987,0.007512891
ANWC104,1986,0.009704884
ANWC104,1985,0.007871055
ANWC104,1984,0.008193646
ANWC104,1983,0.011660268
ANWC104,1982,0.006600075
ANWC104,1981,0.00859517
ANWC104,1980,0.008612493
ANWC104,1979,0.011152228
ANWC104,1978,0.011996937
ANWC104,1977,0.006618398
ANWC104,1976,0.003174125
ANWC105,1996,0.015016051
ANWC105,1995,0.014318051
ANWC105,1994,0.012438924
ANWC105,1993,0.013561548
ANWC105,1992,0.0106222
ANWC105,1991,0.0113489
ANWC105,1989,0.015045439
ANWC105,1988,0.017213633
ANWC105,1987,0.01228199
ANWC105,1986,0.010909999
ANWC105,1985,0.012043707
ANWC105,1984,0.014485569
ANWC105,1983,0.025433372
ANWC105,1982,0.007430014
ANWC105,1981,0.014052675
ANWC105,1980,0.007524746
ANWC105,1979,0.008228987
ANWC105,1978,0.015445439
ANWC105,1977,0.004487635
ANWC106,1996,0.0113243
ANWC106,1995,0.008646369
ANWC106,1994,0.01804814
ANWC106,1993,0.009657933
ANWC106,1992,0.012782103
ANWC106,1991,0.008988149
ANWC106,1989,0.011795176
ANWC106,1988,0.015470335
ANWC106,1987,0.014846747
ANWC106,1986,0.009606277
ANWC106,1985,0.009770387
ANWC106,1984,0.009496632
ANWC106,1983,0.019806895
ANWC106,1982,0.004293031
ANWC106,1981,0.013596024
ANWC106,1980,0.006645978
ANWC106,1979,0.005587264
ANWC106,1978,0.013963626
ANWC106,1977,0.002419281
ANWC107,1996,0.0113243
ANWC107,1995,0.008646369
ANWC107,1994,0.01804814
ANWC107,1993,0.009657933
ANWC107,1992,0.012782103
ANWC107,1991,0.008988149
ANWC107,1989,0.011795176
ANWC107,1988,0.015470335
ANWC107,1987,0.014846747
ANWC107,1986,0.009606277
ANWC107,1985,0.009770387
ANWC107,1984,0.009496632
ANWC107,1983,0.019806895
ANWC107,1982,0.004293031
ANWC107,1981,0.013596024
ANWC107,1980,0.006645978
ANWC107,1979,0.005587264
ANWC107,1978,0.013963626
ANWC107,1977,0.002419281
ANWC108,1996,0.007720482
ANWC108,1995,0.006889423
ANWC108,1994,0.003271646
ANWC108,1993,0.007562272
ANWC108,1992,0.011091966
ANWC108,1991,0.002647387
ANWC108,1989,0.008576623
ANWC108,1988,0.006895003
ANWC108,1987,0.009358194
ANWC108,1986,0.004729699
ANWC108,1985,0.00510617
ANWC108,1984,0.003738003
ANWC108,1983,0.010172561
ANWC108,1982,0.001645309
ANWC108,1981,0.005614919
ANWC108,1980,0.003944795
ANWC108,1979,0.008024865
ANWC108,1978,0.009961525
ANWC108,1977,0.001007204
ANWC109,1996,0.008742811
ANWC109,1995,0.006830262
ANWC109,1994,0.00603201
ANWC109,1993,0.008917208
ANWC109,1992,0.019728809
ANWC109,1991,0.003873026
ANWC109,1989,0.01157264
ANWC109,1988,0.009472949
ANWC109,1987,0.008517268
ANWC109,1986,0.007160624
ANWC109,1985,0.006420906
ANWC109,1984,0.005246611
ANWC109,1983,0.012760462
ANWC109,1982,0.001732737
ANWC109,1981,0.00703267
ANWC109,1980,0.006553476
ANWC109,1979,0.006249709
ANWC109,1978,0.011723926
ANWC109,1977,0.000564409
ANWC110,1997,0.011728616
ANWC110,1996,0.014140084
ANWC110,1995,0.016356353
ANWC110,1994,0.015200435
ANWC110,1993,0.019521084
ANWC110,1992,0.01932787
ANWC110,1991,0.012317958
ANWC110,1989,0.015962281
ANWC110,1988,0.019975143
ANWC110,1987,0.013822037
ANWC110,1986,0.013115119
ANWC110,1985,0.018458396
ANWC110,1984,0.011672437
ANWC110,1983,0.027048796
ANWC110,1982,0.006709656
ANWC110,1981,0.013867744
ANWC110,1980,0.01174532
ANWC110,1979,0.010139624
ANWC110,1978,0.003967742
ANWC112,2003,0.024771083
ANWC112,2002,0.01794511
ANWC112,2001,0.020848007
ANWC112,2000,0.037205078
ANWC112,1999,0.030080686
ANWC112,1998,0.028497222
ANWC112,1997,0.020813653
ANWC112,1996,0.040042756
ANWC112,1995,0.017154704
ANWC112,1994,0.020268392
ANWC112,1993,0.022571563
ANWC112,1992,0.008400387
ANWC112,1991,0.014105249
ANWC112,1989,0.021595468
ANWC112,1988,0.013073569
ANWC112,1987,0.018234435
ANWC112,1986,0.011017259
ANWC112,1985,0.023285946
ANWC112,1984,0.005998494
ANWC113,2008,0.041985842
ANWC113,2007,0.026786888
ANWC113,2006,0.036390065
ANWC113,2005,0.020047419
ANWC113,2004,0.032919294
ANWC113,2003,0.033942526
ANWC113,2002,0.031382741
ANWC113,2001,0.032722087
ANWC113,2000,0.039705413
ANWC113,1999,0.032636837
ANWC113,1998,0.030555285
ANWC113,1997,0.027279034
ANWC113,1996,0.019535939
ANWC113,1995,0.018459598
ANWC113,1994,0.020490831
ANWC113,1993,0.023456931
ANWC113,1992,0.030591672
ANWC113,1991,0.018861765
ANWC113,1989,0.009618926
ANWC115,2008,0.018760343
ANWC115,2007,0.010693551
ANWC115,2006,0.011827851
ANWC115,2005,0.009954904
ANWC115,2004,0.014341111
ANWC115,2003,0.008185914
ANWC115,2002,0.011064537
ANWC115,2001,0.005025374
ANWC115,2000,0.011778909
ANWC115,1999,0.004869785
ANWC115,1998,0.019598315
ANWC115,1997,0.006804577
ANWC115,1996,0.013479318
ANWC115,1995,0.002874592
ANWC115,1994,0.005037888
ANWC115,1993,0.005642441
ANWC115,1992,0.019394093
ANWC115,1991,0.009928852
ANWC115,1989,0.005074194
ANWC116,2008,0.015995827
ANWC116,2007,0.013458067
ANWC116,2006,0.010985915
ANWC116,2005,0.01079684
ANWC116,2004,0.011021756
ANWC116,2003,0.010666559
ANWC116,2002,0.011522602
ANWC116,2001,0.005160858
ANWC116,2000,0.010688586
ANWC116,1999,0.006205269
ANWC116,1998,0.008701539
ANWC116,1997,0.017665853
ANWC116,1996,0.01318256
ANWC116,1995,0.00320685
ANWC116,1994,0.004154017
ANWC116,1993,0.006526312
ANWC116,1992,0.018536028
ANWC116,1991,0.010786917
ANWC116,1989,0.000945162
ANWC117,2008,0.023514055
ANWC117,2007,0.025428173
ANWC117,2006,0.021272685
ANWC117,2005,0.016802185
ANWC117,2004,0.02047785
ANWC117,2003,0.014197635
ANWC117,2002,0.020071469
ANWC117,2001,0.017639327
ANWC117,2000,0.022935879
ANWC117,1999,0.018603873
ANWC117,1998,0.020406879
ANWC117,1997,0.017100679
ANWC117,1996,0.017064839
ANWC117,1995,0.013310711
ANWC117,1994,0.012673231
ANWC117,1993,0.01942925
ANWC117,1992,0.02779781
ANWC117,1991,0.012965773
ANWC117,1989,0.003248388
ANWC118,2008,0.021733411
ANWC118,2007,0.026286237
ANWC118,2006,0.019433975
ANWC118,2005,0.019844121
ANWC118,2004,0.019648817
ANWC118,2003,0.013346022
ANWC118,2002,0.019235985
ANWC118,2001,0.019787715
ANWC118,2000,0.02201975
ANWC118,1999,0.019378066
ANWC118,1998,0.015335911
ANWC118,1997,0.021474873
ANWC118,1996,0.017922904
ANWC118,1995,0.013736559
ANWC118,1994,0.012528028
ANWC118,1993,0.015816346
ANWC118,1992,0.026313939
ANWC118,1991,0.017910935
ANWC118,1989,0.002654839
ANWC119,2014,0.044218986
ANWC119,2013,0.052418022
ANWC119,2012,0.043694361
ANWC119,2011,0.062710026
ANWC119,2010,0.052963229
ANWC119,2009,0.043801421
ANWC119,2008,0.049872179
ANWC119,2007,0.056238959
ANWC119,2006,0.049405332
ANWC119,2005,0.037892018
ANWC119,2004,0.046220266
ANWC119,2003,0.052251919
ANWC119,2002,0.043418722
ANWC119,2001,0.04387138
ANWC119,2000,0.064939278
ANWC119,1999,0.051678601
ANWC119,1998,0.045594313
ANWC119,1997,0.054205693
ANWC119,1996,0.044019695
ANWC119,1995,0.021975377
ANWC126,2007,0.004198986
ANWC126,2006,0.004478543
ANWC126,2005,0.00600143
ANWC126,2004,0.006498422
ANWC126,2003,0.004292044
ANWC126,2002,0.004275898
ANWC126,2001,0.007302703
ANWC126,2000,0.005601632
ANWC126,1999,0.007617171
ANWC126,1998,0.005337635
ANWC126,1997,0.003991329
ANWC126,1996,0.003838534
ANWC126,1995,0.006528764
ANWC126,1994,0.005021375
ANWC126,1993,0.004972416
ANWC126,1992,0.007398908
ANWC126,1991,0.00293204
ANWC126,1989,0.003580537
ANWC126,1988,0.002873923
ANWC128,2007,0.005520423
ANWC128,2006,0.007318103
ANWC128,2005,0.00677687
ANWC128,2004,0.00706879
ANWC128,2003,0.006401052
ANWC128,2002,0.005126965
ANWC128,2001,0.010613811
ANWC128,2000,0.00841891
ANWC128,1999,0.009262839
ANWC128,1998,0.007149411
ANWC128,1997,0.005078371
ANWC128,1996,0.005280585
ANWC128,1995,0.008368368
ANWC128,1994,0.006004008
ANWC128,1993,0.005584131
ANWC128,1992,0.009324784
ANWC128,1991,0.003411629
ANWC128,1989,0.004999612
ANWC128,1988,0.003029601
ANWC129,2007,0.005706364
ANWC129,2006,0.007593931
ANWC129,2005,0.006864671
ANWC129,2004,0.007132543
ANWC129,2003,0.006573361
ANWC129,2002,0.005201637
ANWC129,2001,0.010924426
ANWC129,2000,0.008508364
ANWC129,1999,0.009320355
ANWC129,1998,0.007300642
ANWC129,1997,0.005071929
ANWC129,1996,0.005272664
ANWC129,1995,0.008320425
ANWC129,1994,0.005952813
ANWC129,1993,0.005627574
ANWC129,1992,0.009371991
ANWC129,1991,0.003459135
ANWC129,1989,0.005200983
ANWC129,1988,0.003075729
ANWC130,2007,0.005311294
ANWC130,2006,0.006904646
ANWC130,2005,0.006860235
ANWC130,2004,0.007283074
ANWC130,2003,0.006175854
ANWC130,2002,0.005063979
ANWC130,2001,0.010337235
ANWC130,2000,0.007885173
ANWC130,1999,0.008918831
ANWC130,1998,0.006906336
ANWC130,1997,0.004916699
ANWC130,1996,0.004548427
ANWC130,1995,0.007355012
ANWC130,1994,0.005769608
ANWC130,1993,0.005558558
ANWC130,1992,0.008850772
ANWC130,1991,0.003427676
ANWC130,1989,0.005392057
ANWC130,1988,0.00319279
ANWC131,2007,0.005543318
ANWC131,2006,0.007544278
ANWC131,2005,0.007103692
ANWC131,2004,0.00740667
ANWC131,2003,0.006562664
ANWC131,2002,0.005204014
ANWC131,2001,0.010966158
ANWC131,2000,0.00836238
ANWC131,1999,0.009216989
ANWC131,1998,0.007300875
ANWC131,1997,0.005118994
ANWC131,1996,0.004848444
ANWC131,1995,0.00767943
ANWC131,1994,0.005944671
ANWC131,1993,0.005752328
ANWC131,1992,0.00925222
ANWC131,1991,0.003561922
ANWC131,1989,0.005638312
ANWC131,1988,0.0032225
ANWC132,2007,0.007412295
ANWC132,2006,0.008177551
ANWC132,2005,0.0067933
ANWC132,2004,0.007122872
ANWC132,2003,0.007960172
ANWC132,2002,0.005910099
ANWC132,2001,0.011976704
ANWC132,2000,0.008399558
ANWC132,1999,0.009122881
ANWC132,1998,0.008035325
ANWC132,1997,0.005642208
ANWC132,1996,0.006386192
ANWC132,1995,0.009530458
ANWC132,1994,0.005592897
ANWC132,1993,0.006051344
ANWC132,1992,0.011123408
ANWC132,1991,0.004573914
ANWC132,1989,0.005818145
ANWC132,1988,0.002867387
ANWC133,2007,0.007412295
ANWC133,2006,0.008177551
ANWC133,2005,0.0067933
ANWC133,2004,0.007122872
ANWC133,2003,0.007960172
ANWC133,2002,0.005910099
ANWC133,2001,0.011976704
ANWC133,2000,0.008399558
ANWC133,1999,0.009122881
ANWC133,1998,0.008035325
ANWC133,1997,0.005642208
ANWC133,1996,0.006386192
ANWC133,1995,0.009530458
ANWC133,1994,0.005592897
ANWC133,1993,0.006051344
ANWC133,1992,0.011123408
ANWC133,1991,0.004573914
ANWC133,1989,0.005818145
ANWC133,1988,0.002867387
ANWC134,2007,0.007482065
ANWC134,2006,0.008437992
ANWC134,2005,0.00727188
ANWC134,2004,0.007418687
ANWC134,2003,0.008082478
ANWC134,2002,0.00609051
ANWC134,2001,0.012323201
ANWC134,2000,0.008740742
ANWC134,1999,0.009437473
ANWC134,1998,0.008522792
ANWC134,1997,0.00581118
ANWC134,1996,0.00639025
ANWC134,1995,0.009676395
ANWC134,1994,0.005845943
ANWC134,1993,0.006193995
ANWC134,1992,0.011126549
ANWC134,1991,0.004395316
ANWC134,1989,0.005887287
ANWC134,1988,0.003032185
ANWC135,2007,0.008541691
ANWC135,2006,0.009127396
ANWC135,2005,0.007518941
ANWC135,2004,0.00786577
ANWC135,2003,0.008725983
ANWC135,2002,0.006571049
ANWC135,2001,0.013090684
ANWC135,2000,0.008481001
ANWC135,1999,0.009684026
ANWC135,1998,0.009295088
ANWC135,1997,0.005858334
ANWC135,1996,0.006526755
ANWC135,1995,0.009780363
ANWC135,1994,0.005572713
ANWC135,1993,0.006512043
ANWC135,1992,0.011673719
ANWC135,1991,0.004780374
ANWC135,1989,0.006157906
ANWC135,1988,0.003001862
ANWC136,2007,0.008541691
ANWC136,2006,0.009127396
ANWC136,2005,0.007518941
ANWC136,2004,0.00786577
ANWC136,2003,0.008725983
ANWC136,2002,0.006571049
ANWC136,2001,0.013090684
ANWC136,2000,0.008481001
ANWC136,1999,0.009684026
ANWC136,1998,0.009295088
ANWC136,1997,0.005858334
ANWC136,1996,0.006526755
ANWC136,1995,0.009780363
ANWC136,1994,0.005572713
ANWC136,1993,0.006512043
ANWC136,1992,0.011673719
ANWC136,1991,0.004780374
ANWC136,1989,0.006157906
ANWC136,1988,0.003001862
ANWC137,2008,0.037852068
ANWC137,2007,0.025572657
ANWC137,2006,0.044100127
ANWC137,2005,0.030867544
ANWC137,2004,0.032799427
ANWC137,2003,0.024460259
ANWC137,2002,0.037838543
ANWC137,2001,0.048943327
ANWC137,2000,0.064243419
ANWC137,1999,0.035252662
ANWC137,1998,0.022365457
ANWC137,1997,0.025344073
ANWC137,1996,0.037352394
ANWC137,1995,0.025349739
ANWC137,1994,0.023329863
ANWC137,1993,0.021377547
ANWC137,1992,0.032517617
ANWC137,1991,0.024134276
ANWC137,1989,0.011852369
ANWC138,2008,0.037852068
ANWC138,2007,0.025572657
ANWC138,2006,0.044100127
ANWC138,2005,0.030867544
ANWC138,2004,0.032799427
ANWC138,2003,0.024460259
ANWC138,2002,0.037838543
ANWC138,2001,0.048943327
ANWC138,2000,0.064243419
ANWC138,1999,0.035252662
ANWC138,1998,0.022365457
ANWC138,1997,0.025344073
ANWC138,1996,0.037352394
ANWC138,1995,0.025349739
ANWC138,1994,0.023329863
ANWC138,1993,0.021377547
ANWC138,1992,0.032517617
ANWC138,1991,0.024134276
ANWC138,1989,0.011852369
ANWC139,2008,0.03360186
ANWC139,2007,0.025866929
ANWC139,2006,0.042501224
ANWC139,2005,0.029928726
ANWC139,2004,0.034000792
ANWC139,2003,0.02488414
ANWC139,2002,0.042911004
ANWC139,2001,0.047055984
ANWC139,2000,0.060030868
ANWC139,1999,0.037018016
ANWC139,1998,0.023878819
ANWC139,1997,0.018668325
ANWC139,1996,0.028092608
ANWC139,1995,0.023683122
ANWC139,1994,0.022537515
ANWC139,1993,0.021230626
ANWC139,1992,0.03347279
ANWC139,1991,0.024409271
ANWC139,1989,0.011856453
ANWC140,2008,0.041985842
ANWC140,2007,0.026786888
ANWC140,2006,0.036390065
ANWC140,2005,0.020047419
ANWC140,2004,0.032919294
ANWC140,2003,0.033942526
ANWC140,2002,0.031382741
ANWC140,2001,0.032722087
ANWC140,2000,0.039705413
ANWC140,1999,0.032636837
ANWC140,1998,0.030555285
ANWC140,1997,0.027279034
ANWC140,1996,0.019535939
ANWC140,1995,0.018459598
ANWC140,1994,0.020490831
ANWC140,1993,0.023456931
ANWC140,1992,0.030591672
ANWC140,1991,0.018861765
ANWC140,1989,0.009618926
ANWC141,2008,0.04116516
ANWC141,2007,0.03813986
ANWC141,2006,0.043807892
ANWC141,2005,0.024791859
ANWC141,2004,0.034007751
ANWC141,2003,0.033943123
ANWC141,2002,0.03770306
ANWC141,2001,0.031540601
ANWC141,2000,0.043836684
ANWC141,1999,0.035504408
ANWC141,1998,0.032815025
ANWC141,1997,0.037521206
ANWC141,1996,0.027859796
ANWC141,1995,0.023942172
ANWC141,1994,0.025432146
ANWC141,1993,0.029871454
ANWC141,1992,0.028489995
ANWC141,1991,0.020573689
ANWC141,1989,0.009250755
ANWC142,2008,0.04116516
ANWC142,2007,0.03813986
ANWC142,2006,0.043807892
ANWC142,2005,0.024791859
ANWC142,2004,0.034007751
ANWC142,2003,0.033943123
ANWC142,2002,0.03770306
ANWC142,2001,0.031540601
ANWC142,2000,0.043836684
ANWC142,1999,0.035504408
ANWC142,1998,0.032815025
ANWC142,1997,0.037521206
ANWC142,1996,0.027859796
ANWC142,1995,0.023942172
ANWC142,1994,0.025432146
ANWC142,1993,0.029871454
ANWC142,1992,0.028489995
ANWC142,1991,0.020573689
ANWC142,1989,0.009250755
ANWC143,2008,0.04116516
ANWC143,2007,0.03813986
ANWC143,2006,0.043807892
ANWC143,2005,0.024791859
ANWC143,2004,0.034007751
ANWC143,2003,0.033943123
ANWC143,2002,0.03770306
ANWC143,2001,0.031540601
ANWC143,2000,0.043836684
ANWC143,1999,0.035504408
ANWC143,1998,0.032815025
ANWC143,1997,0.037521206
ANWC143,1996,0.027859796
ANWC143,1995,0.023942172
ANWC143,1994,0.025432146
ANWC143,1993,0.029871454
ANWC143,1992,0.028489995
ANWC143,1991,0.020573689
ANWC143,1989,0.009250755
ANWC144,2008,0.041862272
ANWC144,2007,0.021193262
ANWC144,2006,0.028753551
ANWC144,2005,0.02330807
ANWC144,2004,0.02917508
ANWC144,2003,0.03532641
ANWC144,2002,0.024008208
ANWC144,2001,0.032080132
ANWC144,2000,0.048768049
ANWC144,1999,0.027543659
ANWC144,1998,0.027332664
ANWC144,1997,0.022634457
ANWC144,1996,0.024229081
ANWC144,1995,0.021473074
ANWC144,1994,0.025055668
ANWC144,1993,0.023180047
ANWC144,1992,0.01995428
ANWC144,1991,0.024939805
ANWC144,1989,0.006548818
ANWC145,2009,0.024982987
ANWC145,2008,0.038080751
ANWC145,2007,0.030549403
ANWC145,2006,0.0281737
ANWC145,2005,0.031405
ANWC145,2004,0.029319838
ANWC145,2003,0.033224162
ANWC145,2002,0.025837519
ANWC145,2001,0.03834878
ANWC145,2000,0.045166166
ANWC145,1999,0.030905294
ANWC145,1998,0.029033733
ANWC145,1997,0.022904757
ANWC145,1996,0.03161244
ANWC145,1995,0.023265061
ANWC145,1994,0.030752354
ANWC145,1993,0.021321601
ANWC145,1992,0.016540513
ANWC145,1991,0.02782276
ANWC146,2009,0.024982987
ANWC146,2008,0.038080751
ANWC146,2007,0.030549403
ANWC146,2006,0.0281737
ANWC146,2005,0.031405
ANWC146,2004,0.029319838
ANWC146,2003,0.033224162
ANWC146,2002,0.025837519
ANWC146,2001,0.03834878
ANWC146,2000,0.045166166
ANWC146,1999,0.030905294
ANWC146,1998,0.029033733
ANWC146,1997,0.022904757
ANWC146,1996,0.03161244
ANWC146,1995,0.023265061
ANWC146,1994,0.030752354
ANWC146,1993,0.021321601
ANWC146,1992,0.016540513
ANWC146,1991,0.02782276
ANWC147,2009,0.011287439
ANWC147,2008,0.025094885
ANWC147,2007,0.012859052
ANWC147,2006,0.015889002
ANWC147,2005,0.020709437
ANWC147,2004,0.019053979
ANWC147,2003,0.013303667
ANWC147,2002,0.016033879
ANWC147,2001,0.026347804
ANWC147,2000,0.022866977
ANWC147,1999,0.023630716
ANWC147,1998,0.016740732
ANWC147,1997,0.016740578
ANWC147,1996,0.022377356
ANWC147,1995,0.01844824
ANWC147,1994,0.015164692
ANWC147,1993,0.020677806
ANWC147,1992,0.008407457
ANWC147,1991,0.023262777
ANWC148,2009,0.011287439
ANWC148,2008,0.025094885
ANWC148,2007,0.012859052
ANWC148,2006,0.015889002
ANWC148,2005,0.020709437
ANWC148,2004,0.019053979
ANWC148,2003,0.013303667
ANWC148,2002,0.016033879
ANWC148,2001,0.026347804
ANWC148,2000,0.022866977
ANWC148,1999,0.023630716
ANWC148,1998,0.016740732
ANWC148,1997,0.016740578
ANWC148,1996,0.022377356
ANWC148,1995,0.01844824
ANWC148,1994,0.015164692
ANWC148,1993,0.020677806
ANWC148,1992,0.008407457
ANWC148,1991,0.023262777
ANWC150,2009,0.010582219
ANWC150,2008,0.024591184
ANWC150,2007,0.012332142
ANWC150,2006,0.015581423
ANWC150,2005,0.020164734
ANWC150,2004,0.019139215
ANWC150,2003,0.011796981
ANWC150,2002,0.015944561
ANWC150,2001,0.025982832
ANWC150,2000,0.023043892
ANWC150,1999,0.023550375
ANWC150,1998,0.016422446
ANWC150,1997,0.016545891
ANWC150,1996,0.022020338
ANWC150,1995,0.018118716
ANWC150,1994,0.014374668
ANWC150,1993,0.020224536
ANWC150,1992,0.008009907
ANWC150,1991,0.022850647
ANWC151,2009,0.011287439
ANWC151,2008,0.025094885
ANWC151,2007,0.012859052
ANWC151,2006,0.015889002
ANWC151,2005,0.020709437
ANWC151,2004,0.019053979
ANWC151,2003,0.013303667
ANWC151,2002,0.016033879
ANWC151,2001,0.026347804
ANWC151,2000,0.022866977
ANWC151,1999,0.023630716
ANWC151,1998,0.016740732
ANWC151,1997,0.016740578
ANWC151,1996,0.022377356
ANWC151,1995,0.01844824
ANWC151,1994,0.015164692
ANWC151,1993,0.020677806
ANWC151,1992,0.008407457
ANWC151,1991,0.023262777
ANWC152,2009,0.006992327
ANWC152,2008,0.021944599
ANWC152,2007,0.011287021
ANWC152,2006,0.01459123
ANWC152,2005,0.017907489
ANWC152,2004,0.019557762
ANWC152,2003,0.008727804
ANWC152,2002,0.014341064
ANWC152,2001,0.022585998
ANWC152,2000,0.022784413
ANWC152,1999,0.021581996
ANWC152,1998,0.01703657
ANWC152,1997,0.014392977
ANWC152,1996,0.021443989
ANWC152,1995,0.015002828
ANWC152,1994,0.010869219
ANWC152,1993,0.018378889
ANWC152,1992,0.006293799
ANWC152,1991,0.020750474
ANWC153,2009,0.006992327
ANWC153,2008,0.021944599
ANWC153,2007,0.011287021
ANWC153,2006,0.01459123
ANWC153,2005,0.017907489
ANWC153,2004,0.019557762
ANWC153,2003,0.008727804
ANWC153,2002,0.014341064
ANWC153,2001,0.022585998
ANWC153,2000,0.022784413
ANWC153,1999,0.021581996
ANWC153,1998,0.01703657
ANWC153,1997,0.014392977
ANWC153,1996,0.021443989
ANWC153,1995,0.015002828
ANWC153,1994,0.010869219
ANWC153,1993,0.018378889
ANWC153,1992,0.006293799
ANWC153,1991,0.020750474
ANWC154,2009,0.006992327
ANWC154,2008,0.021944599
ANWC154,2007,0.011287021
ANWC154,2006,0.01459123
ANWC154,2005,0.017907489
ANWC154,2004,0.019557762
ANWC154,2003,0.008727804
ANWC154,2002,0.014341064
ANWC154,2001,0.022585998
ANWC154,2000,0.022784413
ANWC154,1999,0.021581996
ANWC154,1998,0.01703657
ANWC154,1997,0.014392977
ANWC154,1996,0.021443989
ANWC154,1995,0.015002828
ANWC154,1994,0.010869219
ANWC154,1993,0.018378889
ANWC154,1992,0.006293799
ANWC154,1991,0.020750474
ANWC155,2009,0.007103601
ANWC155,2008,0.022187682
ANWC155,2007,0.011814286
ANWC155,2006,0.014256422
ANWC155,2005,0.017847104
ANWC155,2004,0.020227143
ANWC155,2003,0.008828323
ANWC155,2002,0.014144145
ANWC155,2001,0.022717329
ANWC155,2000,0.022038895
ANWC155,1999,0.021384482
ANWC155,1998,0.016973084
ANWC155,1997,0.014178784
ANWC155,1996,0.021591399
ANWC155,1995,0.014697564
ANWC155,1994,0.011228827
ANWC155,1993,0.018297503
ANWC155,1992,0.006337774
ANWC155,1991,0.02054682
ANWC156,2009,0.007103601
ANWC156,2008,0.022187682
ANWC156,2007,0.011814286
ANWC156,2006,0.014256422
ANWC156,2005,0.017847104
ANWC156,2004,0.020227143
ANWC156,2003,0.008828323
ANWC156,2002,0.014144145
ANWC156,2001,0.022717329
ANWC156,2000,0.022038895
ANWC156,1999,0.021384482
ANWC156,1998,0.016973084
ANWC156,1997,0.014178784
ANWC156,1996,0.021591399
ANWC156,1995,0.014697564
ANWC156,1994,0.011228827
ANWC156,1993,0.018297503
ANWC156,1992,0.006337774
ANWC156,1991,0.02054682
ANWC157,2009,0.007314458
ANWC157,2008,0.022253431
ANWC157,2007,0.011640913
ANWC157,2006,0.014123304
ANWC157,2005,0.018000585
ANWC157,2004,0.019730305
ANWC157,2003,0.008305642
ANWC157,2002,0.014574763
ANWC157,2001,0.023361869
ANWC157,2000,0.022279258
ANWC157,1999,0.02200413
ANWC157,1998,0.017087041
ANWC157,1997,0.014490805
ANWC157,1996,0.021995759
ANWC157,1995,0.015356146
ANWC157,1994,0.011410712
ANWC157,1993,0.01829833
ANWC157,1992,0.006482001
ANWC157,1991,0.020768771
ANWC158,2009,0.011867234
ANWC158,2008,0.025614931
ANWC158,2007,0.021270581
ANWC158,2006,0.017342553
ANWC158,2005,0.018776846
ANWC158,2004,0.02153079
ANWC158,2003,0.019336293
ANWC158,2002,0.02119893
ANWC158,2001,0.035611106
ANWC158,2000,0.031319028
ANWC158,1999,0.02298951
ANWC158,1998,0.023476556
ANWC158,1997,0.017259871
ANWC158,1996,0.025081871
ANWC158,1995,0.019168181
ANWC158,1994,0.02088391
ANWC158,1993,0.026932777
ANWC158,1992,0.011988443
ANWC158,1991,0.02968385
ANWC159,2009,0.011867234
ANWC159,2008,0.025614931
ANWC159,2007,0.021270581
ANWC159,2006,0.017342553
ANWC159,2005,0.018776846
ANWC159,2004,0.02153079
ANWC159,2003,0.019336293
ANWC159,2002,0.02119893
ANWC159,2001,0.035611106
ANWC159,2000,0.031319028
ANWC159,1999,0.02298951
ANWC159,1998,0.023476556
ANWC159,1997,0.017259871
ANWC159,1996,0.025081871
ANWC159,1995,0.019168181
ANWC159,1994,0.02088391
ANWC159,1993,0.026932777
ANWC159,1992,0.011988443
ANWC159,1991,0.02968385
ANWC160,2009,0.011108892
ANWC160,2008,0.024041749
ANWC160,2007,0.018754927
ANWC160,2006,0.015919729
ANWC160,2005,0.018112588
ANWC160,2004,0.01986736
ANWC160,2003,0.016947866
ANWC160,2002,0.017770713
ANWC160,2001,0.032148894
ANWC160,2000,0.029654289
ANWC160,1999,0.018909755
ANWC160,1998,0.022520381
ANWC160,1997,0.015218301
ANWC160,1996,0.021225964
ANWC160,1995,0.016021004
ANWC160,1994,0.017022584
ANWC160,1993,0.02561711
ANWC160,1992,0.009450694
ANWC160,1991,0.025844187
ANWC161,2009,0.011108892
ANWC161,2008,0.024041749
ANWC161,2007,0.018754927
ANWC161,2006,0.015919729
ANWC161,2005,0.018112588
ANWC161,2004,0.01986736
ANWC161,2003,0.016947866
ANWC161,2002,0.017770713
ANWC161,2001,0.032148894
ANWC161,2000,0.029654289
ANWC161,1999,0.018909755
ANWC161,1998,0.022520381
ANWC161,1997,0.015218301
ANWC161,1996,0.021225964
ANWC161,1995,0.016021004
ANWC161,1994,0.017022584
ANWC161,1993,0.02561711
ANWC161,1992,0.009450694
ANWC161,1991,0.025844187
ANWC162,2009,0.0105691
ANWC162,2008,0.019948316
ANWC162,2007,0.019835247
ANWC162,2006,0.01354178
ANWC162,2005,0.028649546
ANWC162,2004,0.016927588
ANWC162,2003,0.025398201
ANWC162,2002,0.014651768
ANWC162,2001,0.038157464
ANWC162,2000,0.030856567
ANWC162,1999,0.021099057
ANWC162,1998,0.022866773
ANWC162,1997,0.016187403
ANWC162,1996,0.028471292
ANWC162,1995,0.01715578
ANWC162,1994,0.019448402
ANWC162,1993,0.022710634
ANWC162,1992,0.012948841
ANWC162,1991,0.02685504
ANWC163,2009,0.011471137
ANWC163,2008,0.019767552
ANWC163,2007,0.020379445
ANWC163,2006,0.013608643
ANWC163,2005,0.029916207
ANWC163,2004,0.017092993
ANWC163,2003,0.026514058
ANWC163,2002,0.014770838
ANWC163,2001,0.038169463
ANWC163,2000,0.030951521
ANWC163,1999,0.021126282
ANWC163,1998,0.023230888
ANWC163,1997,0.016799833
ANWC163,1996,0.029482151
ANWC163,1995,0.017381899
ANWC163,1994,0.019914517
ANWC163,1993,0.022900752
ANWC163,1992,0.013393773
ANWC163,1991,0.026715729
ANWC168,2009,0.017486518
ANWC168,2008,0.017276482
ANWC168,2007,0.02786235
ANWC168,2006,0.016046054
ANWC168,2005,0.013259006
ANWC168,2004,0.011521921
ANWC168,2003,0.017963073
ANWC168,2002,0.007280263
ANWC168,2001,0.014726241
ANWC168,2000,0.018853856
ANWC168,1999,0.01472252
ANWC168,1998,0.023352561
ANWC168,1997,0.017469971
ANWC168,1996,0.019607835
ANWC168,1995,0.015324062
ANWC168,1994,0.012375932
ANWC168,1993,0.012048789
ANWC168,1992,0.01345546
ANWC168,1991,0.017190756
ANWC170,2009,0.016216628
ANWC170,2008,0.023578101
ANWC170,2007,0.033904427
ANWC170,2006,0.016887351
ANWC170,2005,0.018961682
ANWC170,2004,0.011722475
ANWC170,2003,0.019274142
ANWC170,2002,0.007688311
ANWC170,2001,0.019367668
ANWC170,2000,0.025042354
ANWC170,1999,0.017434824
ANWC170,1998,0.034119905
ANWC170,1997,0.016416462
ANWC170,1996,0.02145516
ANWC170,1995,0.021840549
ANWC170,1994,0.017438803
ANWC170,1993,0.010381001
ANWC170,1992,0.015887617
ANWC170,1991,0.013115149
ANWC66,2000,0.060710565
ANWC66,1999,0.023866107
ANWC66,1998,0.067978878
ANWC66,1997,0.022476135
ANWC66,1996,0.021879984
ANWC66,1995,0.024458281
ANWC66,1994,0.017610161
ANWC66,1993,0.023074441
ANWC66,1992,0.032482965
ANWC66,1991,0.02094519
ANWC66,1989,0.02396626
ANWC66,1988,0.016211367
ANWC66,1987,0.020788101
ANWC66,1986,0.010884284
ANWC66,1985,0.021493198
ANWC66,1984,0.025602448
ANWC66,1983,0.036298102
ANWC66,1982,0.010816335
ANWC66,1981,0.009459032
ANWC67,2000,0.060710565
ANWC67,1999,0.023866107
ANWC67,1998,0.067978878
ANWC67,1997,0.022476135
ANWC67,1996,0.021879984
ANWC67,1995,0.024458281
ANWC67,1994,0.017610161
ANWC67,1993,0.023074441
ANWC67,1992,0.032482965
ANWC67,1991,0.02094519
ANWC67,1989,0.02396626
ANWC67,1988,0.016211367
ANWC67,1987,0.020788101
ANWC67,1986,0.010884284
ANWC67,1985,0.021493198
ANWC67,1984,0.025602448
ANWC67,1983,0.036298102
ANWC67,1982,0.010816335
ANWC67,1981,0.009459032
ANWC68,2000,0.05693666
ANWC68,1999,0.028185896
ANWC68,1998,0.060487785
ANWC68,1997,0.027064264
ANWC68,1996,0.024086512
ANWC68,1995,0.026533581
ANWC68,1994,0.019674111
ANWC68,1993,0.022930872
ANWC68,1992,0.028689569
ANWC68,1991,0.022999952
ANWC68,1989,0.026077142
ANWC68,1988,0.018133712
ANWC68,1987,0.021523633
ANWC68,1986,0.010886336
ANWC68,1985,0.022366235
ANWC68,1984,0.028051302
ANWC68,1983,0.036480932
ANWC68,1982,0.009883154
ANWC68,1981,0.010155269
ANWC69,2000,0.05693666
ANWC69,1999,0.028185896
ANWC69,1998,0.060487785
ANWC69,1997,0.027064264
ANWC69,1996,0.024086512
ANWC69,1995,0.026533581
ANWC69,1994,0.019674111
ANWC69,1993,0.022930872
ANWC69,1992,0.028689569
ANWC69,1991,0.022999952
ANWC69,1989,0.026077142
ANWC69,1988,0.018133712
ANWC69,1987,0.021523633
ANWC69,1986,0.010886336
ANWC69,1985,0.022366235
ANWC69,1984,0.028051302
ANWC69,1983,0.036480932
ANWC69,1982,0.009883154
ANWC69,1981,0.010155269
ANWC71,1997,0.010821221
ANWC71,1996,0.009555027
ANWC71,1995,0.006783628
ANWC71,1994,0.012506652
ANWC71,1993,0.00811806
ANWC71,1992,0.012714591
ANWC71,1991,0.008202247
ANWC71,1989,0.007649299
ANWC71,1988,0.013501077
ANWC71,1987,0.012857131
ANWC71,1986,0.008634293
ANWC71,1985,0.008920401
ANWC71,1984,0.00531041
ANWC71,1983,0.019363534
ANWC71,1982,0.002572635
ANWC71,1981,0.01231568
ANWC71,1980,0.005375406
ANWC71,1979,0.005543419
ANWC71,1978,0.000745161
ANWC72,2001,0.008097706
ANWC72,2000,0.007395388
ANWC72,1999,0.006435687
ANWC72,1998,0.006759419
ANWC72,1997,0.007125594
ANWC72,1996,0.002944878
ANWC72,1995,0.005039913
ANWC72,1994,0.004990905
ANWC72,1993,0.005669933
ANWC72,1992,0.01076456
ANWC72,1991,0.003652579
ANWC72,1989,0.013625883
ANWC72,1988,0.006624193
ANWC72,1987,0.004319547
ANWC72,1986,0.00471062
ANWC72,1985,0.004212011
ANWC72,1984,0.002691543
ANWC72,1983,0.008843085
ANWC72,1982,0.001990117
ANWC73,2001,0.008097706
ANWC73,2000,0.007395388
ANWC73,1999,0.006435687
ANWC73,1998,0.006759419
ANWC73,1997,0.007125594
ANWC73,1996,0.002944878
ANWC73,1995,0.005039913
ANWC73,1994,0.004990905
ANWC73,1993,0.005669933
ANWC73,1992,0.01076456
ANWC73,1991,0.003652579
ANWC73,1989,0.013625883
ANWC73,1988,0.006624193
ANWC73,1987,0.004319547
ANWC73,1986,0.00471062
ANWC73,1985,0.004212011
ANWC73,1984,0.002691543
ANWC73,1983,0.008843085
ANWC73,1982,0.001990117
ANWC75,2001,0.021798648
ANWC75,2000,0.02185611
ANWC75,1999,0.006424105
ANWC75,1998,0.008377689
ANWC75,1997,0.006179609
ANWC75,1996,0.005061679
ANWC75,1995,0.004647097
ANWC75,1994,0.007521674
ANWC75,1993,0.009727097
ANWC75,1992,0.005600754
ANWC75,1991,0.002458176
ANWC75,1989,0.013425052
ANWC75,1988,0.009538513
ANWC75,1987,0.003962259
ANWC75,1986,0.008933532
ANWC75,1985,0.003091097
ANWC75,1984,0.003443042
ANWC75,1983,0.018348731
ANWC75,1982,0.001486129
ANWC77,2001,0.015066458
ANWC77,2000,0.008297052
ANWC77,1999,0.011523174
ANWC77,1998,0.01207898
ANWC77,1997,0.007286829
ANWC77,1996,0.007328061
ANWC77,1995,0.010398142
ANWC77,1994,0.003738089
ANWC77,1993,0.007496229
ANWC77,1992,0.013029268
ANWC77,1991,0.00570578
ANWC77,1989,0.005874842
ANWC77,1988,0.006102958
ANWC77,1987,0.005233964
ANWC77,1986,0.004877095
ANWC77,1985,0.005293297
ANWC77,1984,0.006412397
ANWC77,1983,0.004903272
ANWC77,1982,0.003327739
ANWC78,2001,0.01457739
ANWC78,2000,0.01649325
ANWC78,1999,0.02181707
ANWC78,1998,0.01308176
ANWC78,1997,0.014530885
ANWC78,1996,0.013682068
ANWC78,1995,0.011898559
ANWC78,1994,0.00784397
ANWC78,1993,0.007127255
ANWC78,1992,0.010404292
ANWC78,1991,0.00536586
ANWC78,1989,0.006774423
ANWC78,1988,0.010099419
ANWC78,1987,0.006759349
ANWC78,1986,0.005924879
ANWC78,1985,0.008395379
ANWC78,1984,0.009057795
ANWC78,1983,0.009510973
ANWC78,1982,0.00597373
ANWC79,2001,0.006412036
ANWC79,2000,0.01721988
ANWC79,1999,0.021295596
ANWC79,1998,0.014753801
ANWC79,1997,0.009974751
ANWC79,1996,0.010521057
ANWC79,1995,0.015655689
ANWC79,1994,0.008423355
ANWC79,1993,0.007282497
ANWC79,1992,0.012088927
ANWC79,1991,0.00727827
ANWC79,1989,0.012559682
ANWC79,1988,0.013179896
ANWC79,1987,0.007119996
ANWC79,1986,0.011988537
ANWC79,1985,0.008406308
ANWC79,1984,0.014485313
ANWC79,1983,0.007049993
ANWC79,1982,0.003934623
ANWC80,2001,0.012708238
ANWC80,2000,0.027704056
ANWC80,1999,0.031501045
ANWC80,1998,0.013421273
ANWC80,1997,0.012742439
ANWC80,1996,0.019403511
ANWC80,1995,0.022076515
ANWC80,1994,0.010173748
ANWC80,1993,0.014978638
ANWC80,1992,0.011027219
ANWC80,1991,0.011562426
ANWC80,1989,0.016129533
ANWC80,1988,0.016204161
ANWC80,1987,0.005750532
ANWC80,1986,0.010856196
ANWC80,1985,0.014046249
ANWC80,1984,0.021836081
ANWC80,1983,0.008286937
ANWC80,1982,0.005646341
ANWC81,2001,0.006758659
ANWC81,2000,0.010955517
ANWC81,1999,0.009411776
ANWC81,1998,0.010803284
ANWC81,1997,0.008450248
ANWC81,1996,0.012821288
ANWC81,1995,0.005622508
ANWC81,1994,0.005805877
ANWC81,1993,0.00635934
ANWC81,1992,0.007060074
ANWC81,1991,0.01241053
ANWC81,1989,0.007928539
ANWC81,1988,0.009324946
ANWC81,1987,0.006078473
ANWC81,1986,0.012650324
ANWC81,1985,0.006618278
ANWC81,1984,0.013902608
ANWC81,1983,0.009862949
ANWC81,1982,0.003473874
ANWC84,1987,0.019451577
ANWC84,1986,0.016859688
ANWC84,1985,0.02225048
ANWC84,1984,0.020260748
ANWC84,1983,0.028731642
ANWC84,1982,0.014475831
ANWC84,1981,0.01906443
ANWC84,1980,0.029753316
ANWC84,1979,0.037955944
ANWC84,1978,0.015212084
ANWC84,1977,0.030587768
ANWC84,1976,0.026463407
ANWC84,1975,0.035722965
ANWC84,1974,0.0314298
ANWC84,1973,0.05980761
ANWC84,1972,0.028570922
ANWC84,1971,0.027305276
ANWC84,1970,0.018073778
ANWC84,1969,0.017412224
ANWC84,1968,0.004667494
ANWC85,1987,0.022087394
ANWC85,1986,0.020002419
ANWC85,1985,0.026562722
ANWC85,1984,0.023662937
ANWC85,1983,0.035259316
ANWC85,1982,0.012623001
ANWC85,1981,0.018075346
ANWC85,1980,0.026752155
ANWC85,1979,0.037168307
ANWC85,1978,0.017008595
ANWC85,1977,0.036369919
ANWC85,1976,0.032046594
ANWC85,1975,0.036757678
ANWC85,1974,0.033682701
ANWC85,1973,0.056097169
ANWC85,1972,0.031591822
ANWC85,1971,0.035455031
ANWC85,1970,0.019576364
ANWC85,1969,0.017851552
ANWC85,1968,0.003773623
ANWC88,1993,0.01096676
ANWC88,1992,0.015973472
ANWC88,1991,0.00718499
ANWC88,1989,0.010326782
ANWC88,1988,0.011710646
ANWC88,1987,0.009616146
ANWC88,1986,0.010656883
ANWC88,1985,0.008701458
ANWC88,1984,0.006502818
ANWC88,1983,0.014554994
ANWC88,1982,0.0031861
ANWC88,1981,0.012634647
ANWC88,1980,0.008789855
ANWC88,1979,0.010458859
ANWC88,1978,0.012699677
ANWC88,1977,0.008592533
ANWC88,1976,0.007717618
ANWC88,1975,0.015362659
ANWC88,1974,0.001198925
ANWC90,1993,0.011432616
ANWC90,1992,0.022803155
ANWC90,1991,0.010737634
ANWC90,1989,0.012809615
ANWC90,1988,0.010478544
ANWC90,1987,0.011310666
ANWC90,1986,0.012843538
ANWC90,1985,0.010658555
ANWC90,1984,0.011309412
ANWC90,1983,0.014400838
ANWC90,1982,0.008253413
ANWC90,1981,0.013139065
ANWC90,1980,0.01301615
ANWC90,1979,0.016191498
ANWC90,1978,0.014622528
ANWC90,1977,0.009114393
ANWC90,1976,0.008661822
ANWC90,1975,0.012267442
ANWC90,1974,0.000990323
ANWC92,1993,0.013941091
ANWC92,1992,0.026317399
ANWC92,1991,0.012760305
ANWC92,1989,0.015370342
ANWC92,1988,0.013171244
ANWC92,1987,0.013784479
ANWC92,1986,0.015940855
ANWC92,1985,0.013490444
ANWC92,1984,0.014205984
ANWC92,1983,0.018309079
ANWC92,1982,0.010832009
ANWC92,1981,0.017508904
ANWC92,1980,0.015104466
ANWC92,1979,0.020024426
ANWC92,1978,0.017025269
ANWC92,1977,0.01128371
ANWC92,1976,0.011423559
ANWC92,1975,0.016046198
ANWC92,1974,0.00141828
ANWC94,1993,0.01216913
ANWC94,1992,0.020838626
ANWC94,1991,0.010665289
ANWC94,1989,0.013187208
ANWC94,1988,0.009992752
ANWC94,1987,0.008194804
ANWC94,1986,0.012280962
ANWC94,1985,0.011324047
ANWC94,1984,0.010110763
ANWC94,1983,0.011652727
ANWC94,1982,0.006236703
ANWC94,1981,0.011034834
ANWC94,1980,0.014392871
ANWC94,1979,0.014196249
ANWC94,1978,0.013693783
ANWC94,1977,0.006182746
ANWC94,1976,0.009105759
ANWC94,1975,0.011776414
ANWC94,1974,0.000890225
SAM11,1996,0.003785444
SAM11,1995,0.003586135
SAM11,1994,0.003840561
SAM11,1993,0.004848821
SAM11,1992,0.006733241
SAM11,1991,0.002153061
SAM11,1989,0.007452622
SAM11,1988,0.005262362
SAM11,1987,0.004446991
SAM11,1986,0.005176206
SAM11,1985,0.002764513
SAM11,1984,0.001815302
SAM11,1983,0.009698029
SAM11,1982,0.002120907
SAM11,1981,0.003423191
SAM11,1980,0.005255456
SAM11,1979,0.006989673
SAM11,1978,0.007535415
SAM11,1977,0.002291291
SAM12,1996,0.003976924
SAM12,1995,0.00345349
SAM12,1994,0.00447445
SAM12,1993,0.005083433
SAM12,1992,0.006453617
SAM12,1991,0.002351063
SAM12,1989,0.007201268
SAM12,1988,0.005690814
SAM12,1987,0.004181344
SAM12,1986,0.005305468
SAM12,1985,0.002465821
SAM12,1984,0.002107395
SAM12,1983,0.00976237
SAM12,1982,0.002609514
SAM12,1981,0.003698173
SAM12,1980,0.005796043
SAM12,1979,0.007701103
SAM12,1978,0.007540227
SAM12,1977,0.002502043
SAM14,1997,0.004894907
SAM14,1996,0.004380345
SAM14,1995,0.004223194
SAM14,1994,0.004689374
SAM14,1993,0.004744514
SAM14,1992,0.006326701
SAM14,1991,0.003124231
SAM14,1989,0.00663366
SAM14,1988,0.004670805
SAM14,1987,0.004731227
SAM14,1986,0.006018324
SAM14,1985,0.00260157
SAM14,1984,0.001879668
SAM14,1983,0.010356602
SAM14,1982,0.001567723
SAM14,1981,0.004272702
SAM14,1980,0.004923992
SAM14,1979,0.006157598
SAM14,1978,0.003683608
SAM15,1997,0.004894907
SAM15,1996,0.004380345
SAM15,1995,0.004223194
SAM15,1994,0.004689374
SAM15,1993,0.004744514
SAM15,1992,0.006326701
SAM15,1991,0.003124231
SAM15,1989,0.00663366
SAM15,1988,0.004670805
SAM15,1987,0.004731227
SAM15,1986,0.006018324
SAM15,1985,0.00260157
SAM15,1984,0.001879668
SAM15,1983,0.010356602
SAM15,1982,0.001567723
SAM15,1981,0.004272702
SAM15,1980,0.004923992
SAM15,1979,0.006157598
SAM15,1978,0.003683608
SAM16,1997,0.005267249
SAM16,1996,0.004309384
SAM16,1995,0.004076215
SAM16,1994,0.004067112
SAM16,1993,0.005056662
SAM16,1992,0.006590817
SAM16,1991,0.00288056
SAM16,1989,0.007386558
SAM16,1988,0.005203346
SAM16,1987,0.004764861
SAM16,1986,0.005759921
SAM16,1985,0.002894276
SAM16,1984,0.001921207
SAM16,1983,0.01008935
SAM16,1982,0.00185894
SAM16,1981,0.003798594
SAM16,1980,0.005116051
SAM16,1979,0.0067172
SAM16,1978,0.003435484
SAM17,1998,0.009032102
SAM17,1997,0.009263688
SAM17,1996,0.00419493
SAM17,1995,0.003848083
SAM17,1994,0.0047502
SAM17,1993,0.005940858
SAM17,1992,0.010748572
SAM17,1991,0.003145031
SAM17,1989,0.013359016
SAM17,1988,0.006618755
SAM17,1987,0.006006539
SAM17,1986,0.004947312
SAM17,1985,0.004463901
SAM17,1984,0.002135321
SAM17,1983,0.00993333
SAM17,1982,0.005700056
SAM17,1981,0.005461568
SAM17,1980,0.00786925
SAM17,1979,0.003044494
SAM18,1998,0.009032102
SAM18,1997,0.009263688
SAM18,1996,0.00419493
SAM18,1995,0.003848083
SAM18,1994,0.0047502
SAM18,1993,0.005940858
SAM18,1992,0.010748572
SAM18,1991,0.003145031
SAM18,1989,0.013359016
SAM18,1988,0.006618755
SAM18,1987,0.006006539
SAM18,1986,0.004947312
SAM18,1985,0.004463901
SAM18,1984,0.002135321
SAM18,1983,0.00993333
SAM18,1982,0.005700056
SAM18,1981,0.005461568
SAM18,1980,0.00786925
SAM18,1979,0.003044494
SAM19,1998,0.011833529
SAM19,1997,0.010000747
SAM19,1996,0.013466981
SAM19,1995,0.014005194
SAM19,1994,0.007547147
SAM19,1993,0.013387033
SAM19,1992,0.018027806
SAM19,1991,0.013529093
SAM19,1989,0.012691504
SAM19,1988,0.015348318
SAM19,1987,0.01395136
SAM19,1986,0.01480521
SAM19,1985,0.012626968
SAM19,1984,0.010811848
SAM19,1983,0.017399837
SAM19,1982,0.005343281
SAM19,1981,0.015845246
SAM19,1980,0.013383333
SAM19,1979,0.000122581
SAM20,1996,0.0085264
SAM20,1995,0.007648335
SAM20,1994,0.005020352
SAM20,1993,0.00836399
SAM20,1992,0.019082863
SAM20,1991,0.009552753
SAM20,1989,0.010729141
SAM20,1988,0.005822823
SAM20,1987,0.007073191
SAM20,1986,0.010356605
SAM20,1985,0.007908674
SAM20,1984,0.008779993
SAM20,1983,0.009525578
SAM20,1982,0.005255147
SAM20,1981,0.00846792
SAM20,1980,0.010101711
SAM20,1979,0.014129931
SAM20,1978,0.00911582
SAM20,1977,0.001332258
SAM21,1996,0.0085264
SAM21,1995,0.007648335
SAM21,1994,0.005020352
SAM21,1993,0.00836399
SAM21,1992,0.019082863
SAM21,1991,0.009552753
SAM21,1989,0.010729141
SAM21,1988,0.005822823
SAM21,1987,0.007073191
SAM21,1986,0.010356605
SAM21,1985,0.007908674
SAM21,1984,0.008779993
SAM21,1983,0.009525578
SAM21,1982,0.005255147
SAM21,1981,0.00846792
SAM21,1980,0.010101711
SAM21,1979,0.014129931
SAM21,1978,0.00911582
SAM21,1977,0.001332258
SAM25,2003,0.010353127
SAM25,2002,0.004116241
SAM25,2001,0.009210593
SAM25,2000,0.010997299
SAM25,1999,0.0090337
SAM25,1998,0.010045801
SAM25,1997,0.009964482
SAM25,1996,0.009595163
SAM25,1995,0.009955315
SAM25,1994,0.00705666
SAM25,1993,0.007609661
SAM25,1992,0.019067287
SAM25,1991,0.007622709
SAM25,1989,0.010818878
SAM25,1988,0.009222721
SAM25,1987,0.009119492
SAM25,1986,0.009613768
SAM25,1985,0.007340882
SAM25,1984,0.000781867
SAM26,2003,0.010353127
SAM26,2002,0.004116241
SAM26,2001,0.009210593
SAM26,2000,0.010997299
SAM26,1999,0.0090337
SAM26,1998,0.010045801
SAM26,1997,0.009964482
SAM26,1996,0.009595163
SAM26,1995,0.009955315
SAM26,1994,0.00705666
SAM26,1993,0.007609661
SAM26,1992,0.019067287
SAM26,1991,0.007622709
SAM26,1989,0.010818878
SAM26,1988,0.009222721
SAM26,1987,0.009119492
SAM26,1986,0.009613768
SAM26,1985,0.007340882
SAM26,1984,0.0001452
SAM27,2003,0.010353127
SAM27,2002,0.004116241
SAM27,2001,0.009210593
SAM27,2000,0.010997299
SAM27,1999,0.0090337
SAM27,1998,0.010045801
SAM27,1997,0.009964482
SAM27,1996,0.009595163
SAM27,1995,0.009955315
SAM27,1994,0.00705666
SAM27,1993,0.007609661
SAM27,1992,0.019067287
SAM27,1991,0.007622709
SAM27,1989,0.010818878
SAM27,1988,0.009222721
SAM27,1987,0.009119492
SAM27,1986,0.009613768
SAM27,1985,0.007340882
SAM27,1984,0.0001452
SAM28,2003,0.011159678
SAM28,2002,0.007611794
SAM28,2001,0.00459538
SAM28,2000,0.01089527
SAM28,1999,0.010695485
SAM28,1998,0.009818925
SAM28,1997,0.011931388
SAM28,1996,0.011924218
SAM28,1995,0.009998278
SAM28,1994,0.009256634
SAM28,1993,0.006039947
SAM28,1992,0.008183221
SAM28,1991,0.016653013
SAM28,1989,0.005416777
SAM28,1988,0.007551075
SAM28,1987,0.012029032
SAM28,1986,0.009658386
SAM28,1985,0.0070062
SAM28,1984,0.001193549
SAM29,2004,0.009334105
SAM29,2003,0.007791796
SAM29,2002,0.006383448
SAM29,2001,0.008589784
SAM29,2000,0.009331022
SAM29,1999,0.010474695
SAM29,1998,0.009462774
SAM29,1997,0.009248835
SAM29,1996,0.01049901
SAM29,1995,0.009928499
SAM29,1994,0.007107419
SAM29,1993,0.007958749
SAM29,1992,0.018812532
SAM29,1991,0.00786418
SAM29,1989,0.011104468
SAM29,1988,0.009040033
SAM29,1987,0.008416178
SAM29,1986,0.010384541
SAM29,1985,0.001134302
SAM30,2004,0.009334105
SAM30,2003,0.007791796
SAM30,2002,0.006383448
SAM30,2001,0.008589784
SAM30,2000,0.009331022
SAM30,1999,0.010474695
SAM30,1998,0.009462774
SAM30,1997,0.009248835
SAM30,1996,0.01049901
SAM30,1995,0.009928499
SAM30,1994,0.007107419
SAM30,1993,0.007958749
SAM30,1992,0.018812532
SAM30,1991,0.00786418
SAM30,1989,0.011104468
SAM30,1988,0.009040033
SAM30,1987,0.008416178
SAM30,1986,0.010384541
SAM30,1985,0.001134302
SAM31,2004,0.009087184
SAM31,2003,0.009981575
SAM31,2002,0.004094176
SAM31,2001,0.009050484
SAM31,2000,0.010745677
SAM31,1999,0.009031469
SAM31,1998,0.009919916
SAM31,1997,0.010041693
SAM31,1996,0.009354305
SAM31,1995,0.009976775
SAM31,1994,0.006964562
SAM31,1993,0.007548006
SAM31,1992,0.019100615
SAM31,1991,0.007540397
SAM31,1989,0.010625896
SAM31,1988,0.009176733
SAM31,1987,0.008947335
SAM31,1986,0.00961667
SAM31,1985,0.001098602
SAM32,2004,0.009195881
SAM32,2003,0.010353127
SAM32,2002,0.004116241
SAM32,2001,0.009210593
SAM32,2000,0.010997299
SAM32,1999,0.0090337
SAM32,1998,0.010045801
SAM32,1997,0.009964482
SAM32,1996,0.009595163
SAM32,1995,0.009955315
SAM32,1994,0.00705666
SAM32,1993,0.007609661
SAM32,1992,0.019067287
SAM32,1991,0.007622709
SAM32,1989,0.010818878
SAM32,1988,0.009222721
SAM32,1987,0.009119492
SAM32,1986,0.009613768
SAM32,1985,0.001086236
SAM33,2006,0.004938901
SAM33,2005,0.006215063
SAM33,2004,0.007433158
SAM33,2003,0.00535564
SAM33,2002,0.004456078
SAM33,2001,0.008142612
SAM33,2000,0.004309613
SAM33,1999,0.006066664
SAM33,1998,0.005935323
SAM33,1997,0.005220707
SAM33,1996,0.003825587
SAM33,1995,0.006876235
SAM33,1994,0.004347572
SAM33,1993,0.005611613
SAM33,1992,0.008297028
SAM33,1991,0.004089735
SAM33,1989,0.004960536
SAM33,1988,0.005654613
SAM33,1987,0.001279106
SAM34,2006,0.005063115
SAM34,2005,0.00647081
SAM34,2004,0.007656414
SAM34,2003,0.005269752
SAM34,2002,0.004295393
SAM34,2001,0.0084302
SAM34,2000,0.004020047
SAM34,1999,0.005970819
SAM34,1998,0.005825362
SAM34,1997,0.00544054
SAM34,1996,0.004095471
SAM34,1995,0.007324705
SAM34,1994,0.00435585
SAM34,1993,0.005953962
SAM34,1992,0.008483906
SAM34,1991,0.004402953
SAM34,1989,0.004736558
SAM34,1988,0.00553311
SAM34,1987,0.00131813
SAM35,2006,0.006735945
SAM35,2005,0.006139328
SAM35,2004,0.009046679
SAM35,2003,0.007989977
SAM35,2002,0.006116661
SAM35,2001,0.007516458
SAM35,2000,0.007657749
SAM35,1999,0.006036528
SAM35,1998,0.007841618
SAM35,1997,0.007620361
SAM35,1996,0.005626762
SAM35,1995,0.006226744
SAM35,1994,0.003847794
SAM35,1993,0.006510327
SAM35,1992,0.011247919
SAM35,1991,0.005049264
SAM35,1989,0.008188494
SAM35,1988,0.00774127
SAM35,1987,0.001600812
SAM36,2006,0.006946306
SAM36,2005,0.006519164
SAM36,2004,0.009031918
SAM36,2003,0.008261455
SAM36,2002,0.00619011
SAM36,2001,0.007564409
SAM36,2000,0.008406407
SAM36,1999,0.006013507
SAM36,1998,0.008354015
SAM36,1997,0.008427257
SAM36,1996,0.00634987
SAM36,1995,0.006215668
SAM36,1994,0.003905024
SAM36,1993,0.007110108
SAM36,1992,0.01267729
SAM36,1991,0.005427948
SAM36,1989,0.008812515
SAM36,1988,0.007866876
SAM36,1987,0.001758257
SAM37,2006,0.005063115
SAM37,2005,0.00647081
SAM37,2004,0.007656414
SAM37,2003,0.005269752
SAM37,2002,0.004295393
SAM37,2001,0.0084302
SAM37,2000,0.004020047
SAM37,1999,0.005970819
SAM37,1998,0.005825362
SAM37,1997,0.00544054
SAM37,1996,0.004095471
SAM37,1995,0.007324705
SAM37,1994,0.00435585
SAM37,1993,0.005953962
SAM37,1992,0.008483906
SAM37,1991,0.004402953
SAM37,1989,0.004736558
SAM37,1988,0.00553311
SAM37,1987,0.00131813
SAM38,2006,0.00540787
SAM38,2005,0.006373548
SAM38,2004,0.008140202
SAM38,2003,0.00659168
SAM38,2002,0.00518547
SAM38,2001,0.008882534
SAM38,2000,0.005438602
SAM38,1999,0.006598807
SAM38,1998,0.006922812
SAM38,1997,0.005504385
SAM38,1996,0.003811372
SAM38,1995,0.006669683
SAM38,1994,0.004695749
SAM38,1993,0.005674845
SAM38,1992,0.008471582
SAM38,1991,0.004098861
SAM38,1989,0.006356989
SAM38,1988,0.006364387
SAM38,1987,0.001419961
SAM39,2006,0.00687093
SAM39,2005,0.00648819
SAM39,2004,0.008937696
SAM39,2003,0.008457099
SAM39,2002,0.006198752
SAM39,2001,0.00746061
SAM39,2000,0.008618876
SAM39,1999,0.006026775
SAM39,1998,0.008443581
SAM39,1997,0.008569792
SAM39,1996,0.006334274
SAM39,1995,0.006065883
SAM39,1994,0.00395189
SAM39,1993,0.007039165
SAM39,1992,0.012929496
SAM39,1991,0.005299232
SAM39,1989,0.008831495
SAM39,1988,0.007791338
SAM39,1987,0.001783526
SAM41,2011,0.011192488
SAM41,2010,0.010405077
SAM41,2009,0.007873269
SAM41,2008,0.006635647
SAM41,2007,0.00621829
SAM41,2006,0.007007781
SAM41,2005,0.008074924
SAM41,2004,0.007207999
SAM41,2003,0.006667566
SAM41,2002,0.003554792
SAM41,2001,0.007965593
SAM41,2000,0.008694612
SAM41,1999,0.006791072
SAM41,1998,0.008795055
SAM41,1997,0.0104623
SAM41,1996,0.007819415
SAM41,1995,0.009460306
SAM41,1994,0.005858621
SAM41,1993,0.00742608
SAM41,1992,0.004609678
SAM44,2003,0.009303011
SAM44,2002,0.010118461
SAM44,2001,0.003879251
SAM44,2000,0.010088066
SAM44,1999,0.011638818
SAM44,1998,0.010131183
SAM44,1997,0.008018485
SAM44,1996,0.013864863
SAM44,1995,0.011634945
SAM44,1994,0.009018031
SAM44,1993,0.006788383
SAM44,1992,0.007793388
SAM44,1991,0.014499679
SAM44,1989,0.005058713
SAM44,1988,0.007185053
SAM44,1987,0.011765699
SAM44,1986,0.01066516
SAM44,1985,0.006454587
SAM44,1984,0.000974194
SAM45,2003,0.009333011
SAM45,2002,0.009844375
SAM45,2001,0.004250218
SAM45,2000,0.009944518
SAM45,1999,0.010805484
SAM45,1998,0.011582259
SAM45,1997,0.00699913
SAM45,1996,0.014796476
SAM45,1995,0.010701612
SAM45,1994,0.00997459
SAM45,1993,0.006330318
SAM45,1992,0.007428227
SAM45,1991,0.015393012
SAM45,1989,0.004358713
SAM45,1988,0.007318386
SAM45,1987,0.011842366
SAM45,1986,0.010242257
SAM45,1985,0.00730619
SAM45,1984,0.000716139
SAM46,2003,0.008768495
SAM46,2002,0.010468891
SAM46,2001,0.00415796
SAM46,2000,0.009441292
SAM46,1999,0.010879678
SAM46,1998,0.011843549
SAM46,1997,0.00722813
SAM46,1996,0.014770676
SAM46,1995,0.010288735
SAM46,1994,0.010294267
SAM46,1993,0.00598806
SAM46,1992,0.006773388
SAM46,1991,0.01558656
SAM46,1989,0.003592691
SAM46,1988,0.007737741
SAM46,1987,0.011697205
SAM46,1986,0.009434085
SAM46,1985,0.009040123
SAM46,1984,8.07E-05
SAM8,1996,0.003808872
SAM8,1995,0.003330273
SAM8,1994,0.004287351
SAM8,1993,0.00497475
SAM8,1992,0.006490501
SAM8,1991,0.002253758
SAM8,1989,0.007489494
SAM8,1988,0.005771467
SAM8,1987,0.003926943
SAM8,1986,0.004930035
SAM8,1985,0.002235211
SAM8,1984,0.002127826
SAM8,1983,0.009526994
SAM8,1982,0.002845711
SAM8,1981,0.003690189
SAM8,1980,0.006018107
SAM8,1979,0.007948102
SAM8,1978,0.007201171
SAM8,1977,0.002531184
WAM55,1991,0.016045774
WAM55,1989,0.015598805
WAM55,1988,0.01565631
WAM55,1987,0.014702473
WAM55,1986,0.018651502
WAM55,1985,0.01183264
WAM55,1984,0.017903102
WAM55,1983,0.013925982
WAM55,1982,0.014703552
WAM55,1981,0.016678794
WAM55,1980,0.012967781
WAM55,1979,0.013334538
WAM55,1978,0.017756993
WAM55,1977,0.009895807
WAM55,1976,0.009115507
WAM55,1975,0.016688378
WAM55,1974,0.01882991
WAM55,1973,0.016366504
WAM55,1972,3.55E-05
WAM56,2003,0.006559912
WAM56,2002,0.00741082
WAM56,2001,0.005154174
WAM56,2000,0.019925137
WAM56,1999,0.021652718
WAM56,1998,0.01763948
WAM56,1997,0.008195249
WAM56,1996,0.012726
WAM56,1995,0.019935378
WAM56,1994,0.007438098
WAM56,1993,0.012265909
WAM56,1992,0.011762663
WAM56,1991,0.007875715
WAM56,1989,0.01187468
WAM56,1988,0.012133624
WAM56,1987,0.006414959
WAM56,1986,0.010644629
WAM56,1985,0.008204014
WAM56,1984,0.002164516
WAM57,2003,0.006559912
WAM57,2002,0.00741082
WAM57,2001,0.005154174
WAM57,2000,0.019925137
WAM57,1999,0.021652718
WAM57,1998,0.01763948
WAM57,1997,0.008195249
WAM57,1996,0.012726
WAM57,1995,0.019935378
WAM57,1994,0.007438098
WAM57,1993,0.012265909
WAM57,1992,0.011762663
WAM57,1991,0.007875715
WAM57,1989,0.01187468
WAM57,1988,0.012133624
WAM57,1987,0.006414959
WAM57,1986,0.010644629
WAM57,1985,0.008204014
WAM57,1984,0.002164516
WAM58,2003,0.004670411
WAM58,2002,0.004983199
WAM58,2001,0.005639943
WAM58,2000,0.009920511
WAM58,1999,0.008543483
WAM58,1998,0.00944329
WAM58,1997,0.007498423
WAM58,1996,0.010434524
WAM58,1995,0.007341218
WAM58,1994,0.006265297
WAM58,1993,0.006382491
WAM58,1992,0.008881089
WAM58,1991,0.009681784
WAM58,1989,0.007603804
WAM58,1988,0.005104168
WAM58,1987,0.004713677
WAM58,1986,0.010102078
WAM58,1985,0.005024793
WAM58,1984,0.003822656
WAM59,2004,0.038988759
WAM59,2003,0.042881169
WAM59,2002,0.034190504
WAM59,2001,0.032348189
WAM59,2000,0.055330924
WAM59,1999,0.062212876
WAM59,1998,0.044523578
WAM59,1997,0.044848824
WAM59,1996,0.056741981
WAM59,1995,0.045091469
WAM59,1994,0.042096018
WAM59,1993,0.040021339
WAM59,1992,0.026960722
WAM59,1991,0.029736894
WAM59,1989,0.053561428
WAM59,1988,0.029696924
WAM59,1987,0.035322511
WAM59,1986,0.037773021
WAM59,1985,0.028659357
WAM60,2004,0.038988759
WAM60,2003,0.042881169
WAM60,2002,0.034190504
WAM60,2001,0.032348189
WAM60,2000,0.055330924
WAM60,1999,0.062212876
WAM60,1998,0.044523578
WAM60,1997,0.044848824
WAM60,1996,0.056741981
WAM60,1995,0.045091469
WAM60,1994,0.042096018
WAM60,1993,0.040021339
WAM60,1992,0.026960722
WAM60,1991,0.029736894
WAM60,1989,0.053561428
WAM60,1988,0.029696924
WAM60,1987,0.035322511
WAM60,1986,0.037773021
WAM60,1985,0.028659357
WAM63,2004,0.011811619
WAM63,2003,0.005480661
WAM63,2002,0.012821729
WAM63,2001,0.00815815
WAM63,2000,0.017622438
WAM63,1999,0.021256621
WAM63,1998,0.011827573
WAM63,1997,0.019484017
WAM63,1996,0.009025644
WAM63,1995,0.015640714
WAM63,1994,0.005678364
WAM63,1993,0.005806957
WAM63,1992,0.010565701
WAM63,1991,0.006970283
WAM63,1989,0.007567983
WAM63,1988,0.013625138
WAM63,1987,0.005453736
WAM63,1986,0.007077282
WAM63,1985,0.004041614
WAM64,2004,0.011811619
WAM64,2003,0.005480661
WAM64,2002,0.012821729
WAM64,2001,0.00815815
WAM64,2000,0.017622438
WAM64,1999,0.021256621
WAM64,1998,0.011827573
WAM64,1997,0.019484017
WAM64,1996,0.009025644
WAM64,1995,0.015640714
WAM64,1994,0.005678364
WAM64,1993,0.005806957
WAM64,1992,0.010565701
WAM64,1991,0.006970283
WAM64,1989,0.007567983
WAM64,1988,0.013625138
WAM64,1987,0.005453736
WAM64,1986,0.007077282
WAM64,1985,0.004041614