,SAMPLE.ID,COLLECTION.ID,COLLECTION,ID,RecordID_ALA.ORIGINAL,RecordID_ALA,CatalogNumber,SEX,SPECIES,COMMON.NAME,DATE,Period,Year,Age,LATITUDE,LONGITUDE,STATE,MISSINGNESS,INBREEDING,DEPTH,PC1,PC2,PC3,MonthCapture,YearCapture,YearCat,distance2coast_m,elevation,IBRA_REG_CODE_7,IBRA_REG_NAME_7,NOTE,NDays35.5YrMean,NDays35.5Yr.Sum,NDays35.10YrMean,NDays35.10Yr.Sum,Ndays5.5YrMean,Ndays5.5YrSum,Ndays5.10YrMean,Ndays5.10YrSum,Tmean.5YrMean,Tmean.10YrMean,TotalRain.5YrSum,TotalRain.10YrSum,ChangeMeanTemp,ChangeNdays5,ChangeNDays35,ChangeRain
1,ANWC100,B48221,ANWC,ANWC100_R1.fastq.gz,5a26ae5e-ab5c-4564-8e18-35641ab0bd1b,5a26ae5e-ab5c-4564-8e18-35641ab0bd1b,B48221,M,Malurus assimilis,Purple-Backed Fairy Wren,29/8/96,1996 - 2000,1996,23,-31.1189,139.5664,SA,0.0960527,0.10018983,2.60025,0.374303218,-0.010105025,0.013905508,8,1996,1996,232822.9991,24.12895012,BHC,Broken Hill Complex,NA,53.6,268,58.4,584,45.4,227,44,440,19.7080121,19.76493615,0.025529847,0.060552539,-0.044695011,0.807518797,-0.32556391,8.15E-05
2,ANWC101,B48235,ANWC,ANWC101_R1.fastq.gz,fe0f6ed2-facc-446f-be95-aa3f17eab95f,fe0f6ed2-facc-446f-be95-aa3f17eab95f,B48235,M,Malurus assimilis,Purple-Backed Fairy Wren,30/8/96,1996 - 2000,1996,23,-30.3228,139.3806,SA,0.094201,0.12469589,2.6288,0.300511557,-0.014319114,0.01053378,8,1996,1996,295268.8715,277.7473145,FLB,Flinders Lofty Block,NA,48.4,242,53.2,532,71.2,356,67.7,677,19.08388801,19.08387274,0.035496652,0.08610824,-0.04252688,1.246616541,-0.423308271,0.000161536
3,ANWC102,B48236,ANWC,ANWC102_R1.fastq.gz,5164a108-ff2e-4557-8763-179dba2761c4,5164a108-ff2e-4557-8763-179dba2761c4,B48236,M,Malurus assimilis,Purple-Backed Fairy Wren,30/8/96,1996 - 2000,1996,23,-30.4658,139.3111,SA,0.0788539,0.12548099,2.9786,0.317434504,-0.016640598,0.009936427,8,1996,1996,275812.4076,190.5733948,FLB,Flinders Lofty Block,NA,45.6,228,50.2,502,72.2,361,68.7,687,18.8675159,18.8748178,0.036987229,0.0964597,-0.044235716,1.259398496,-0.518045113,0.000211287
4,ANWC103,B48315,ANWC,ANWC103_R1.fastq.gz,54454424-c86c-4323-827e-a642d6497dda,54454424-c86c-4323-827e-a642d6497dda,B48315,M,Malurus assimilis,Purple-Backed Fairy Wren,2/9/96,1996 - 2000,1996,23,-31.8356,138.3494,SA,0.0800985,0.12836471,2.92334,0.335870608,-0.010860216,0.010380996,9,1996,1996,99991.51264,269.6065063,FLB,Flinders Lofty Block,NA,33.4,167,38,380,74.4,372,73.3,733,17.38003143,17.43887096,0.056334022,0.124940066,-0.056849864,1.27443609,-0.378947368,0.000172625
5,ANWC104,B48426,ANWC,ANWC104_R1.fastq.gz,b5a58981-9c99-4633-b0d3-dbcf28a2f2d6,b5a58981-9c99-4633-b0d3-dbcf28a2f2d6,B48426,M,Malurus assimilis,Purple-Backed Fairy Wren,7/9/96,1996 - 2000,1996,23,-32.0911,133.6228,SA,0.159332,0.13024583,1.93588,-0.095547216,-0.053593109,-0.019511794,9,1996,1996,7455.212941,23.37136078,EYB,Eyre Yorke Block,NA,26.2,131,27.6,276,48.2,241,45.5,455,17.24707656,17.24624442,0.045194242,0.098205005,-0.037513274,0.636842105,-0.098496241,4.06E-05
6,ANWC105,B49330,ANWC,ANWC105_R1.fastq.gz,6bc82c9f-1429-483a-a448-e74d2d437fb7,6bc82c9f-1429-483a-a448-e74d2d437fb7,B49330,M,Malurus assimilis,Purple-Backed Fairy Wren,14/10/97,1996 - 2000,1997,22,-29.4217,147.555,NSW,0.154911,0.09964541,2.00354,0.470163555,-0.003085691,0.017553711,10,1997,1997,533366.7131,129.9203033,DRP,Darling Riverine Plains,NA,49,245,58.7,587,55.4,277,52.3,523,20.11318781,20.39053322,0.065956774,0.163078218,-0.118261649,0.839849624,-1.490225564,0.000192301
7,ANWC106,B49357,ANWC,ANWC106_R1.fastq.gz,7513b158-1cba-451c-9df0-446604aa5924,7513b158-1cba-451c-9df0-446604aa5924,B49357,M,Malurus assimilis,Purple-Backed Fairy Wren,15/10/97,1996 - 2000,1997,22,-29.9222,145.7606,NSW,0.119206,0.09375598,2.20522,0.601993058,-0.012374825,0.036948433,10,1997,1997,656184.4973,102.9981003,MUL,Mulga Lands,NA,60.8,304,65.1,651,46.6,233,42.8,428,20.38501906,20.5927034,0.060458845,0.13965864,-0.109426395,0.536090226,-1.154135338,0.000237329
8,ANWC107,B49358,ANWC,ANWC107_R1.fastq.gz,0e5c7faf-f4bc-48ce-af5d-991351a59bbb,0e5c7faf-f4bc-48ce-af5d-991351a59bbb,B49358,M,Malurus assimilis,Purple-Backed Fairy Wren,15/10/97,1996 - 2000,1997,22,-29.9222,145.7606,NSW,0.0430202,0.09040311,3.64599,0.561074192,-0.015494693,0.038523704,10,1997,1997,656184.4973,102.9981003,MUL,Mulga Lands,NA,60.8,304,65.1,651,46.6,233,42.8,428,20.38501906,20.5927034,0.060458845,0.13965864,-0.109426395,0.536090226,-1.154135338,0.000237329
9,ANWC108,B49438,ANWC,ANWC108_R1.fastq.gz,0ae2e56c-bbae-416b-bd83-0f83a46d5541,0ae2e56c-bbae-416b-bd83-0f83a46d5541,B49438,M,Malurus assimilis,Purple-Backed Fairy Wren,18/10/97,1996 - 2000,1997,22,-31.1583,141.2942,NSW,0.0657053,0.09407026,3.04118,0.387950498,-0.007616078,0.018892526,10,1997,1997,362140.7418,138.8618011,BHC,Broken Hill Complex,NA,42.6,213,49.7,497,31,155,28.7,287,19.23104041,19.4350451,0.036535789,0.07694762,-0.102811135,0.097744361,-0.578195489,9.72E-05
10,ANWC109,B49452,ANWC,ANWC109_R1.fastq.gz,aa700b0d-8ea3-4db3-9109-ad8a7fd2283e,aa700b0d-8ea3-4db3-9109-ad8a7fd2283e,B49452,M,Malurus assimilis,Purple-Backed Fairy Wren,19/10/97,1996 - 2000,1997,22,-32.2111,142.2208,NSW,0.0747729,0.12378978,2.81289,0.467378014,-0.013821919,0.024068385,10,1997,1997,403367.3592,73.0911026,BHC,Broken Hill Complex,NA,41.4,207,48.1,481,52.8,264,45.9,459,18.50781871,18.73232367,0.0502511,0.097742941,-0.107284847,0.733082707,-0.618045113,0.000204218
11,ANWC110,B49626,ANWC,ANWC110_R1.fastq.gz,3085d0fd-8fe3-4289-9dfb-1d73e58be9fc,3085d0fd-8fe3-4289-9dfb-1d73e58be9fc,B49626,M,Malurus assimilis,Purple-Backed Fairy Wren,10/11/98,1996 - 2000,1998,21,-34.0167,147.085,NSW,0.11543,0.12671722,2.29716,0.522521156,-0.000877845,0.02566867,11,1998,1998,343792.689,282.0733032,NSS,NSW South Western Slopes,NA,25.6,128,24.3,243,90.6,453,86.5,865,16.3688859,16.42553275,0.076946572,0.179636402,-0.121746444,0.90075188,-0.412781955,0.000283027
12,ANWC115,B52745,ANWC,ANWC115_R1.fastq.gz,NA,cf291072-9a61-465e-8b2f-2cea9ef6cc03,NA,M,Malurus assimilis,Purple-Backed Fairy Wren,3/11/09,2006 - 2010,2009,10,-24.1106,143.1869,QLD,0.0329289,0.09184673,4.1622,0.440149268,0.014566992,0.012371063,11,2009,2009,653223.6684,178.7265015,MGD,Mitchell Grass Downs,used data from other specimens from same location,102.8,514,130.6,1306,18.6,93,22.6,226,24.07564848,24.11798964,0.06557776,0.106502279,-0.026673252,0.013533835,-0.22481203,0.000265724
13,ANWC116,B52746,ANWC,ANWC116_R1.fastq.gz,NA,cf291072-9a61-465e-8b2f-2cea9ef6cc03,NA,M,Malurus assimilis,Purple-Backed Fairy Wren,3/11/09,2006 - 2010,2009,10,-24.1106,143.1869,QLD,0.0537862,0.0938411,3.50413,0.450976627,0.010181933,0.010623349,11,2009,2009,653223.6684,178.7265015,MGD,Mitchell Grass Downs,used data from other specimens from same location,104.4,522,129.8,1298,18.6,93,22.6,226,23.8214012,24.11313748,0.062258405,0.106502279,-0.048060266,0.013533835,-0.278947368,0.000296865
14,ANWC117,B52750,ANWC,ANWC117_R1.fastq.gz,NA,fe7dffb2-f5ae-4399-b920-f162d69dfb09,NA,F,Malurus assimilis,Purple-Backed Fairy Wren,10/11/09,2006 - 2010,2009,10,-29.4706,149.8464,NSW,0.101099,0.10000011,2.49924,0.455363595,0.001968252,0.011434768,11,2009,2009,323720.9493,240.4832001,BBS,Brigalow Belt South,used data from other specimens from same location,30.2,151,40.2,402,68.8,344,67.1,671,19.78446999,19.78799278,0.107494948,0.200943131,-0.088866761,1.360902256,-0.336842105,0.000493686
15,ANWC118,B52751,ANWC,ANWC118_R1.fastq.gz,NA,fe7dffb2-f5ae-4399-b920-f162d69dfb09,NA,M,Malurus assimilis,Purple-Backed Fairy Wren,10/11/09,2006 - 2010,2009,10,-29.4706,149.8464,NSW,0.109441,0.12691192,2.50521,0.455916447,0.002571099,0.014379248,11,2009,2009,323720.9493,240.4832001,BBS,Brigalow Belt South,used data from other specimens from same location,29.6,148,40.1,401,68.8,344,67.1,671,20.06874412,19.78289866,0.106946561,0.200714099,-0.07247701,1.360902256,-0.371428571,0.000460956
16,ANWC126,B54028,ANWC,ANWC126_R1.fastq.gz,137984ca-f2f6-4770-ae56-44a999813565,137984ca-f2f6-4770-ae56-44a999813565,B54028,F,Malurus assimilis,Purple-Backed Fairy Wren,1/8/08,2006 - 2010,2008,11,-29.5719,128.4172,WA,0.0257783,0.08939377,4.15291,-0.2522429,-0.155854832,-0.047448066,8,2008,2008,242875.1753,209.3856049,NUL,Nullarbor,NA,66,330,58.4,584,50.2,251,49.6,496,20.12780674,19.93412213,0.025469425,0.055604464,0.021419112,0.57593985,0.578947368,6.93E-05
17,ANWC128,B54114,ANWC,ANWC128_R1.fastq.gz,f85ca02f-215a-4c6b-bbcd-ceedf21444d8,f85ca02f-215a-4c6b-bbcd-ceedf21444d8,B54114,M,Malurus assimilis,Purple-Backed Fairy Wren,4/8/08,2006 - 2010,2008,11,-28.5586,127.3619,WA,0.0508884,0.18227711,4.60444,-0.274372851,-0.134191571,-0.044940438,8,2008,2008,380757.991,339.4086914,GVD,Great Victoria Desert,NA,85,425,73.4,734,52.8,264,50.9,509,20.96908236,20.65639563,0.033085238,0.073657174,0.015375861,1.036842105,1.101503759,0.000121925
18,ANWC129,B54119,ANWC,ANWC129_R1.fastq.gz,cee1c91f-182b-4fd1-b974-865af3f8b32b,cee1c91f-182b-4fd1-b974-865af3f8b32b,B54119,M,Malurus assimilis,Purple-Backed Fairy Wren,4/8/08,2006 - 2010,2008,11,-28.4661,127.445,WA,0.0772565,0.0996539,2.90795,-0.294316603,-0.141233281,-0.042796305,8,2008,2008,386780.8931,308.6156921,GVD,Great Victoria Desert,NA,86.8,434,75.7,757,53.6,268,50.3,503,21.07826896,20.75789575,0.03387087,0.075126294,0.01408187,1.146616541,1.182706767,0.000129607
19,ANWC130,B54133,ANWC,ANWC130_R1.fastq.gz,97f5072c-b831-476f-9cc8-740906154f45,97f5072c-b831-476f-9cc8-740906154f45,B54133,M,Malurus assimilis,Purple-Backed Fairy Wren,5/8/08,2006 - 2010,2008,11,-28.5339,128.2333,WA,0.20927,0.49589434,3.89226,-0.327106101,-0.175328668,-0.059209534,8,2008,2008,357695.3918,339.9645996,GVD,Great Victoria Desert,NA,83.4,417,72.1,721,53.4,267,50.5,505,20.89593693,20.60551224,0.032535103,0.071646657,0.014355162,1.052631579,0.870676692,0.000115207
20,ANWC131,B54149,ANWC,ANWC131_R1.fastq.gz,e66d13cb-79a2-4508-a193-7f2f6efac501,e66d13cb-79a2-4508-a193-7f2f6efac501,B54149,M,Malurus assimilis,Purple-Backed Fairy Wren,5/8/08,2006 - 2010,2008,11,-28.4636,128.0967,WA,0.135805,0.09967743,2.1983,-0.293461164,-0.121912047,-0.034151695,8,2008,2008,370961.9195,332.9543152,GVD,Great Victoria Desert,NA,82.6,413,71.1,711,53.6,268,51,510,20.85160976,20.547709,0.034160622,0.075211038,0.012529801,1.036090226,0.903759398,0.000126043
21,ANWC132,B54256,ANWC,ANWC132_R1.fastq.gz,177f1a76-2dc2-4c1a-9481-cb5ddccc1b32,177f1a76-2dc2-4c1a-9481-cb5ddccc1b32,B54256,F,Malurus assimilis,Purple-Backed Fairy Wren,11/8/08,2006 - 2010,2008,11,-28.2997,125.9081,WA,0.0736281,0.09322575,2.75582,-0.290936855,-0.130735058,-0.040624581,8,2008,2008,440900.5971,325.2197876,GVD,Great Victoria Desert,NA,92.4,462,80.6,806,49.4,247,50.1,501,21.40463955,21.04240048,0.03746619,0.080910757,0.011707533,0.995488722,1.113533835,0.000136787
22,ANWC133,B54257,ANWC,ANWC133_R1.fastq.gz,f4c8330b-cb02-4e06-a728-65c2163b27b4,f4c8330b-cb02-4e06-a728-65c2163b27b4,B54257,M,Malurus assimilis,Purple-Backed Fairy Wren,11/8/08,2006 - 2010,2008,11,-28.2997,125.9081,WA,0.143314,0.37522253,4.31129,-0.328133562,-0.165631026,-0.048147288,8,2008,2008,440900.5971,325.2197876,GVD,Great Victoria Desert,NA,92.4,462,80.6,806,49.4,247,50.1,501,21.40463955,21.04240048,0.03746619,0.080910757,0.011707533,0.995488722,1.113533835,0.000136787
23,ANWC134,B54278,ANWC,ANWC134_R1.fastq.gz,NA,153f69e4-7a80-4dfa-8fc6-9765613cb5de,NA,F,Malurus assimilis,Purple-Backed Fairy Wren,11/8/08,2006 - 2010,2008,11,-28.3039,126.1844,WA,0.0334658,0.08998862,3.80538,-0.292005157,-0.154832931,-0.051195246,8,2008,2008,438268.1358,389.6064148,GVD,Great Victoria Desert,used data from other specimens from same location,87.8,439,75.3,753,54.6,273,55.2,552,21.04954769,20.6896672,0.038693102,0.08380782,0.012939044,1.180451128,1.185714286,0.000150345
24,ANWC135,B54287,ANWC,ANWC135_R1.fastq.gz,c3f7ff0f-2be6-481c-94c2-13a255ea5f45,c3f7ff0f-2be6-481c-94c2-13a255ea5f45,B54287,M,Malurus assimilis,Purple-Backed Fairy Wren,12/8/08,2006 - 2010,2008,11,-28.0342,126.0433,WA,0.0276421,0.08844443,3.98807,-0.236039488,-0.112943117,-0.04603591,8,2008,2008,467283.8701,395.9198914,GVD,Great Victoria Desert,NA,94.4,472,80.2,802,57.8,289,57.6,576,21.24957778,20.8703568,0.041779781,0.088901629,0.010961589,1.496992481,1.336842105,0.000180202
25,ANWC136,B54288,ANWC,ANWC136_R1.fastq.gz,c2dc3387-74df-4a35-b647-e48d5d40b2c8,c2dc3387-74df-4a35-b647-e48d5d40b2c8,B54288,M,Malurus assimilis,Purple-Backed Fairy Wren,12/8/08,2006 - 2010,2008,11,-28.0342,126.0433,WA,0.151054,0.36369422,3.29053,-0.320160561,-0.158811863,-0.048644441,8,2008,2008,467283.8701,395.9198914,GVD,Great Victoria Desert,NA,94.4,472,80.2,802,57.8,289,57.6,576,21.24957778,20.8703568,0.041779781,0.088901629,0.010961589,1.496992481,1.336842105,0.000180202
26,ANWC139,B54458,ANWC,ANWC139_R1.fastq.gz,82a50e31-cbea-4160-a0f9-2f7ab9aaade2,82a50e31-cbea-4160-a0f9-2f7ab9aaade2,B54458,M,Malurus assimilis,Purple-Backed Fairy Wren,3/7/09,2006 - 2010,2009,10,-15.913,136.544,NT,0.0371472,0.18206705,3.92732,-0.0956768,0.16108998,-0.091532552,7,2009,2009,17531.60004,1.403391004,GUC,Gulf Coastal,NA,105.4,527,98.1,981,0,0,0,0,27.1910442,27.12538703,0.165899491,0.377799503,-0.048644155,0,-1.192481203,0.000918973
27,ANWC168,B55501,ANWC,ANWC168_R1.fastq.gz,90fe1b82-789c-4dc5-bceb-cb813c723b12,90fe1b82-789c-4dc5-bceb-cb813c723b12,B55501,F,Malurus assimilis,Purple-Backed Fairy Wren,31/10/10,2006 - 2010,2010,9,-23.6633,146.9611,QLD,0.0321855,0.11977354,4.05294,0.249493548,0.031868454,0.003034837,10,2010,2010,306785.359,364.223114,BBN,Brigalow Belt North,NA,53.8,269,62.4,624,26.8,134,29.4,294,22.34265146,22.46027942,0.09193041,0.162275764,-0.082062217,0.25112782,-0.366917293,0.000162483
28,ANWC170,B55503,ANWC,ANWC170_R1.fastq.gz,33bce121-7fc3-42f8-be6a-2cddc2cb7b96,33bce121-7fc3-42f8-be6a-2cddc2cb7b96,B55503,F,Malurus assimilis,Purple-Backed Fairy Wren,1/11/10,2006 - 2010,2010,9,-23.8655,148.1329,QLD,0.123543,0.18210904,3.94099,0.197773976,0.029765066,-0.004843411,11,2010,2010,225641.663,237.5626984,BBN,Brigalow Belt North,NA,47,235,54.3,543,14.2,71,16.1,161,22.45206396,22.60640115,0.109548189,0.192643139,-0.067963159,-0.272932331,-0.34962406,0.000272123
29,ANWC66,B29336,ANWC,ANWC66_R1.fastq.gz,37bbed9c-2d6c-482e-813a-70bf7f75b747,37bbed9c-2d6c-482e-813a-70bf7f75b747,B29336,M,Malurus assimilis,Purple-Backed Fairy Wren,4/10/01,2001 - 2005,2001,18,-17.7333,139.5917,QLD,0.164405,0.20015351,2.14302,0.134319848,0.448190542,-0.727372476,10,2001,2001,24494.61165,2.078464031,GUP,Gulf Plains,NA,76,380,89.1,891,0,0,0,0,26.61861359,26.69348172,0.196911669,0.315482677,-0.075512801,-0.009774436,-2.545112782,0.0013459
30,ANWC71,B32011,ANWC,ANWC71_R1.fastq.gz,6c51d942-a3d7-405f-83ad-621941560e7e,6c51d942-a3d7-405f-83ad-621941560e7e,B32011,M,Malurus assimilis,Purple-Backed Fairy Wren,5/12/98,1996 - 2000,1998,21,-30.0419,144.7197,NSW,0.0171211,0.11933079,6.10962,-0.358249466,-0.25746012,-0.076586146,12,1998,1998,706738.9951,97.6648407,MUL,Mulga Lands,NA,73.4,367,74.2,742,53.6,268,48.3,483,20.49538764,20.63093867,0.047784588,0.113999684,-0.181686302,0.976691729,-0.151879699,0.000229994
31,ANWC72,B32773,ANWC,ANWC72_R1.fastq.gz,cbcb1fe5-d76d-4be0-8840-99e7be792b10,cbcb1fe5-d76d-4be0-8840-99e7be792b10,B32773,M,Malurus assimilis,Purple-Backed Fairy Wren,1/5/02,2001 - 2005,2002,17,-28.4108,134.1861,SA,0.0799029,0.12542631,3.0275,-0.115614786,-0.077226379,-0.029826812,5,2002,2002,420018.4383,256.7723083,STP,Stony Plains,NA,78.2,391,77.2,772,36.2,181,32.5,325,20.85815878,20.87814161,0.035813794,0.065223983,0.018092716,-0.176691729,0.72481203,0.000110516
32,ANWC73,B32774,ANWC,ANWC73_R1.fastq.gz,47ee8705-1866-4864-b083-d28442782c11,47ee8705-1866-4864-b083-d28442782c11,B32774,M,Malurus assimilis,Purple-Backed Fairy Wren,1/5/02,2001 - 2005,2002,17,-28.4108,134.1861,SA,0.0810872,0.12622817,2.86679,-0.125675687,-0.057596986,-0.023553983,5,2002,2002,420018.4383,256.7723083,STP,Stony Plains,NA,78.2,391,77.2,772,36.2,181,32.5,325,20.85815878,20.87814161,0.035813794,0.065223983,0.018092716,-0.176691729,0.72481203,0.000110516
33,ANWC75,B32845,ANWC,ANWC75_R1.fastq.gz,dcbe6937-5cef-40c6-a152-20213daefa6d,dcbe6937-5cef-40c6-a152-20213daefa6d,B32845,M,Malurus assimilis,Purple-Backed Fairy Wren,2/5/02,2001 - 2005,2002,17,-25.2233,133.115,NT,0.115538,0.12644482,2.51224,-0.050197779,-0.030185797,-0.0139165,5,2002,2002,725647.0622,414.2562866,FIN,Finke,NA,100,500,98.1,981,51.2,256,48.1,481,21.61466553,21.80651975,0.064636161,0.097194462,0.039343091,-0.80075188,1.24887218,0.00036341
34,ANWC77,B32899,ANWC,ANWC77_R1.fastq.gz,b1e87d74-340a-4a00-bcfb-7e3a3e85ffba,b1e87d74-340a-4a00-bcfb-7e3a3e85ffba,B32899,M,Malurus assimilis,Purple-Backed Fairy Wren,4/5/02,2001 - 2005,2002,17,-26.7461,125.5128,WA,0.0879682,0.13125929,2.99757,-0.270657684,-0.113852015,-0.037635095,5,2002,2002,613786.4567,433.6838074,GID,Gibson Desert,NA,92.4,462,89.6,896,48.6,243,46.3,463,21.56178586,21.48614021,0.054252493,0.096242282,-0.005447681,0.188721805,0.9,0.000390429
35,ANWC78,B33013,ANWC,ANWC78_R1.fastq.gz,NA,85782a2b-08aa-4cd0-a35a-d35e7d1c2873,NA,M,Malurus assimilis,Purple-Backed Fairy Wren,7/5/02,2001 - 2005,2002,17,-24.3267,119.6961,WA,0.0830137,0.36605814,7.69235,0.562507221,-0.022510767,0.053643821,5,2002,2002,453018.7961,619.2324219,GAS,Gascoyne,used data from other specimens from same location,101.2,506,107.7,1077,50,250,40.7,407,22.28850773,22.61213422,0.080500355,0.131456499,-0.043079049,1.166165414,-0.045864662,0.000531473
36,ANWC79,B33180,ANWC,ANWC79_R1.fastq.gz,d1d5769e-6375-48e8-bd9e-54cc31ccc4f3,d1d5769e-6375-48e8-bd9e-54cc31ccc4f3,B33180,M,Malurus assimilis,Purple-Backed Fairy Wren,13/5/02,2001 - 2005,2002,17,-22.9406,117.3889,WA,0.147578,0.1280131,2.17741,0.472955512,-0.009675253,0.013745562,5,2002,2002,247620.1026,389.6250916,PIL,Pilbara,NA,153.6,768,156.4,1564,2.6,13,1.4,14,25.2351565,25.47497169,0.069656064,0.123627559,-0.032892848,0.05037594,1.464661654,0.000304314
37,ANWC80,B33205,ANWC,ANWC80_R1.fastq.gz,335c819c-c4c8-47ca-807e-4e77af259314,335c819c-c4c8-47ca-807e-4e77af259314,B33205,M,Malurus assimilis,Purple-Backed Fairy Wren,14/5/02,2001 - 2005,2002,17,-22.0247,117.6447,WA,0.0783412,0.1246814,NA,-0.182904614,-0.053981081,1049661,5,2002,2002,144399.9979,418.3505859,PIL,Pilbara,NA,143,715,150.7,1507,0,0,0,0,25.49510282,25.81463976,0.098077051,0.175736682,-0.032464703,-0.027819549,0.882706767,0.000569928
38,ANWC81,B33369,ANWC,ANWC81_R1.fastq.gz,8e73faba-63d0-4cf9-993a-f9294e4c0dd1,8e73faba-63d0-4cf9-993a-f9294e4c0dd1,B33369,M,Malurus assimilis,Purple-Backed Fairy Wren,22/5/02,2001 - 2005,2002,17,-26.6267,113.8328,WA,0.0507814,0.25359157,5.67899,-0.416129238,-0.314161512,-0.100526294,5,2002,2002,4910,19.60143089,YAL,Yalgoo,NA,51.8,259,46.4,464,1.2,6,0.7,7,22.18058573,21.99623342,0.046379484,0.084048571,0.040392266,-0.015037594,1.179699248,2.52E-05
39,ANWC88,B46415,ANWC,ANWC88_R1.fastq.gz,3f662d5d-4589-4bc0-895c-4ea8e650d544,3f662d5d-4589-4bc0-895c-4ea8e650d544,B46415,M,Malurus assimilis,Purple-Backed Fairy Wren,19/10/94,1991 - 1995,1994,25,-34.6831,143.5511,NSW,0.247849,0.09887242,1.51901,-0.360136864,-0.116221719,-0.036045078,10,1994,1994,374081.3593,65.07148743,MDD,Murray Darling Depression,NA,26.6,133,26.3,263,NA,NA,NA,NA,16.83454658,16.79187237,0.069044616,0.116232567,-0.078498882,NA,-0.779699248,0.000156052
40,ANWC90,B46525,ANWC,ANWC90_R1.fastq.gz,NA,a1e34fec-4d3e-4629-b403-b9b0cfea4ad6,NA,M,Malurus assimilis,Purple-Backed Fairy Wren,22/10/94,1991 - 1995,1994,25,-34.9519,137.4006,SA,0.153398,0.19076084,2.25873,0.555872772,-0.011683547,0.029408714,10,1994,1994,4910,3.629498959,EYB,Eyre Yorke Block,used data from other specimens from same location,5.6,28,8,80,NA,NA,NA,NA,16.73471283,16.66832599,0.083900298,0.140501013,-0.028411476,NA,0.008270677,0.000292885
41,ANWC92,B46574,ANWC,ANWC92_R1.fastq.gz,d364ab15-67a3-4a92-a4c5-20f07bec14f3,d364ab15-67a3-4a92-a4c5-20f07bec14f3,B46574,M,Malurus assimilis,Purple-Backed Fairy Wren,23/10/94,1991 - 1995,1994,25,-35.125,137.1958,SA,0.131979,0.37015358,3.34417,0.594138094,-0.014325232,0.03369197,10,1994,1994,7455.212941,52.18511963,EYB,Eyre Yorke Block,NA,3.4,17,4.1,41,NA,NA,NA,NA,16.11662605,16.0444161,0.101225469,0.171818475,-0.024596046,NA,-0.032330827,0.000308607
42,ANWC94,B46630,ANWC,ANWC94_R1.fastq.gz,c1e54fa6-01f0-4547-b7e8-d2d319ab5662,c1e54fa6-01f0-4547-b7e8-d2d319ab5662,B46630,F,Malurus assimilis,Purple-Backed Fairy Wren,26/10/94,1991 - 1995,1994,25,-33.5,138.0639,SA,0.127943,0.09573478,2.27543,0.474463927,-0.015300604,0.029522698,10,1994,1994,14730,28.24226952,EYB,Eyre Yorke Block,NA,28.8,144,30,300,27.8,139,29.1,291,17.80944299,17.68378566,0.078798119,0.130701447,-0.037101166,0.353383459,0.104511278,0.000311671
43,SAM11,ABTC37966,ABTC,SAM11_R1.fastq.gz,5c22a590-d782-4ed5-b5bb-a89a002ee546,5c22a590-d782-4ed5-b5bb-a89a002ee546,ABTC37966,F,Malurus assimilis,Purple-Backed Fairy Wren,18/9/97,1996 - 2000,1997,22,-26.5778,137.0925,SA,0.17457,0.10056274,1.85646,0.020464234,-0.022123427,-0.010899507,9,1997,1997,679679.5664,39.117939,SSD,Simpson Strzelecki Dunefields,NA,108.6,543,116.9,1169,29.2,146,29.9,299,22.7747934,22.96894599,0.022794202,0.047579242,-0.0775813,0.153383459,-0.644360902,-4.19E-05
44,SAM12,ABTC37976,ABTC,SAM12_R1.fastq.gz,c33fb6dc-a83c-421f-8c89-73a566abe7b9,c33fb6dc-a83c-421f-8c89-73a566abe7b9,ABTC37976,F,Malurus assimilis,Purple-Backed Fairy Wren,21/9/97,1996 - 2000,1997,22,-26.1936,136.7694,SA,0.169495,0.09978431,1.87175,0.024181133,-0.012164843,-0.009376635,9,1997,1997,726499.4735,60.87197876,SSD,Simpson Strzelecki Dunefields,NA,108.2,541,116.6,1166,30.8,154,32.1,321,22.71709671,22.89190651,0.023441914,0.048949197,-0.07423256,0.008270677,-0.776691729,-5.48E-05
45,SAM14,ABTC38801,ABTC,SAM14_R1.fastq.gz,aa1d807b-e325-41ad-ad73-fb85dd3239d5,aa1d807b-e325-41ad-ad73-fb85dd3239d5,ABTC38801,M,Malurus assimilis,Purple-Backed Fairy Wren,11/9/98,1996 - 2000,1998,21,-26.0417,137.6036,SA,0.104195,0.12666239,2.55561,0.008178211,-0.011491343,-0.00936906,9,1998,1998,734975.6054,26.7509594,SSD,Simpson Strzelecki Dunefields,NA,121.2,606,123.2,1232,29.4,147,29.2,292,23.19588622,23.25253764,0.022932334,0.052248101,-0.067943752,0.395488722,-0.527067669,5.71E-06
46,SAM15,ABTC38802,ABTC,SAM15_R1.fastq.gz,2a2be9be-0a29-42b0-bd67-337e1b0a4cc0,2a2be9be-0a29-42b0-bd67-337e1b0a4cc0,ABTC38802,F,Malurus assimilis,Purple-Backed Fairy Wren,11/9/98,1996 - 2000,1998,21,-26.0417,137.6036,SA,0.0777462,0.12406892,2.84361,0.009127527,-0.004200218,-0.00196176,9,1998,1998,734975.6054,26.7509594,SSD,Simpson Strzelecki Dunefields,NA,121.2,606,123.2,1232,29.4,147,29.2,292,23.19588622,23.25253764,0.022932334,0.052248101,-0.067943752,0.395488722,-0.527067669,5.71E-06
47,SAM16,ABTC38831,ABTC,SAM16_R1.fastq.gz,22231814-3571-4792-b179-49907093d435,22231814-3571-4792-b179-49907093d435,ABTC38831,F,Malurus assimilis,Purple-Backed Fairy Wren,16/9/98,1996 - 2000,1998,21,-26.3811,137.3633,SA,0.0946434,0.09822602,2.55003,-0.009711446,-0.012510724,-0.008349219,9,1998,1998,695709.3085,31.3708992,SSD,Simpson Strzelecki Dunefields,NA,114.2,571,117.9,1179,31.2,156,30,300,22.93883996,23.01912997,0.022776622,0.051575643,-0.068795315,0.303759398,-0.490225564,5.33E-06
48,SAM17,ABTC73791,ABTC,SAM17_R1.fastq.gz,1de0d5d6-62ce-4bc7-b772-bf8672153a21,1de0d5d6-62ce-4bc7-b772-bf8672153a21,ABTC73791,F,Malurus assimilis,Purple-Backed Fairy Wren,21/9/99,1996 - 2000,1999,20,-26.9828,134.8106,SA,0.12885,0.10074149,2.21484,-0.011038773,-0.020163229,-0.012420643,9,1999,1999,586287.305,187.7335052,FIN,Finke,NA,102,510,100.8,1008,35.8,179,36.5,365,21.99654513,21.96415031,0.031089003,0.069808666,-0.055752281,-0.259398496,-0.021052632,8.63E-05
49,SAM18,ABTC73792,ABTC,SAM18_R1.fastq.gz,50da4e56-073f-4d77-b735-647f226d8d06,50da4e56-073f-4d77-b735-647f226d8d06,ABTC73792,M,Malurus assimilis,Purple-Backed Fairy Wren,22/9/99,1996 - 2000,1999,20,-26.9829,134.8107,SA,0.0901673,0.12530832,2.67875,-0.034111253,-0.01517462,-0.01144685,9,1999,1999,586287.305,187.7335052,FIN,Finke,NA,102,510,100.8,1008,35.8,179,36.5,365,21.99654513,21.96415031,0.031089003,0.069808666,-0.055752281,-0.259398496,-0.021052632,8.63E-05
50,SAM19,ABTC84315,ABTC,SAM19_R1.fastq.gz,a643600a-d92d-4039-b2ae-1b4001c17824,a643600a-d92d-4039-b2ae-1b4001c17824,ABTC84315,M,Malurus assimilis,Purple-Backed Fairy Wren,23/9/99,1996 - 2000,1999,20,-26.983,134.8108,VIC,0.191923,0.49337047,5.00193,0.761230308,-0.037223348,0.067740459,12,1999,1999,163576.5096,136.5704956,MDD,Murray Darling Depression,NA,18.4,92,16.8,168,126.8,634,114,1140,14.43318666,14.64832644,0.056853598,0.137579678,-0.096275394,3.006015038,-0.193233083,0.000136285
51,SAM20,ABTC85133,ABTC,SAM20_R1.fastq.gz,409e08db-00be-448a-a8f3-5523485905c3,409e08db-00be-448a-a8f3-5523485905c3,ABTC85133,M,Malurus assimilis,Purple-Backed Fairy Wren,24/9/99,1996 - 2000,1999,20,-26.9831,134.8109,SA,0.391133,0.09631281,0.955786,-0.078895852,-0.031956788,-0.009988969,11,1997,1997,110326.2163,340.0235901,GAW,Gawler,NA,39.8,199,40.5,405,57,285,55.2,552,NA,NA,NA,NA,-0.077517992,0.579699248,-0.130075188,7.89E-05
52,SAM21,ABTC85134,ABTC,SAM21_R1.fastq.gz,fc262a1e-821b-4f88-90e0-a7991fa970c0,fc262a1e-821b-4f88-90e0-a7991fa970c0,ABTC85134,F,Malurus assimilis,Purple-Backed Fairy Wren,25/9/99,1996 - 2000,1999,20,-26.9832,134.811,SA,0.119553,0.09483055,2.31767,-0.044948915,-0.053793046,-0.011841941,11,1997,1997,110326.2163,340.0235901,GAW,Gawler,NA,39.8,199,40.5,405,57,285,55.2,552,NA,NA,NA,NA,-0.077517992,0.579699248,-0.130075188,7.89E-05
53,SAM25,ABTC113231,ABTC,SAM25_R1.fastq.gz,edfe4668-3aab-45dc-98b8-203a80e37c92,edfe4668-3aab-45dc-98b8-203a80e37c92,ABTC113231,,Malurus assimilis,Purple-Backed Fairy Wren,25/10/04,2001 - 2005,2004,15,-34.3753,139.4794,SA,0.0619623,0.09412797,3.45333,0.799868973,-0.064327904,0.139108203,10,2004,2004,99176.70946,80.77060699,MDD,Murray Darling Depression,NA,31.6,158,30.4,304,56.4,282,57,570,16.76480762,16.6203441,0.04371096,0.090328381,-0.051028491,1.073684211,0.264661654,9.58E-05
54,SAM26,ABTC113232,ABTC,SAM26_R1.fastq.gz,762ef00f-433f-4fdc-994c-f39025736468,762ef00f-433f-4fdc-994c-f39025736468,ABTC113232,,Malurus assimilis,Purple-Backed Fairy Wren,3/11/04,2001 - 2005,2004,15,-34.3753,139.4794,SA,0.134257,0.18956006,2.81008,0.776662309,-0.046115381,0.089515906,11,2004,2004,99176.70946,80.77060699,MDD,Murray Darling Depression,NA,31.6,158,30.4,304,56.4,282,57,570,16.76480762,16.6203441,0.04371096,0.090328381,-0.064919429,1.073684211,0.307518797,0.000105216
55,SAM27,ABTC113233,ABTC,SAM27_R1.fastq.gz,8b7a22c8-565a-4092-83e0-2f4aff37a003,8b7a22c8-565a-4092-83e0-2f4aff37a003,ABTC113233,,Malurus assimilis,Purple-Backed Fairy Wren,5/11/04,2001 - 2005,2004,15,-34.3753,139.4794,SA,0.215741,0.13128711,1.96637,0.715559925,-0.025942321,0.05931585,11,2004,2004,99176.70946,80.77060699,MDD,Murray Darling Depression,NA,31.6,158,30.4,304,56.4,282,57,570,16.76480762,16.6203441,0.04371096,0.090328381,-0.064919429,1.073684211,0.307518797,0.000105216
56,SAM28,ABTC113234,ABTC,SAM28_R1.fastq.gz,3c084a72-ec53-4578-a32d-dabc73076cb4,3c084a72-ec53-4578-a32d-dabc73076cb4,ABTC113234,,Malurus assimilis,Purple-Backed Fairy Wren,8/11/04,2001 - 2005,2004,15,-34.3753,139.4794,SA,0.0816876,0.12864323,3.31841,0.70828447,-0.033574591,0.080191886,11,2004,2004,99176.70946,80.77060699,MDD,Murray Darling Depression,NA,26.2,131,23.7,237,56.4,282,57,570,15.65889206,15.99704921,0.044957607,0.09788705,-0.16063452,1.073684211,-0.819548872,0.000144521
57,SAM29,ABTC113310,ABTC,SAM29_R1.fastq.gz,0795e393-1524-42d5-9b33-b80f08f9511a,0795e393-1524-42d5-9b33-b80f08f9511a,ABTC113310,M,Malurus assimilis,Purple-Backed Fairy Wren,11/10/05,2001 - 2005,2005,14,-34.3422,139.4861,SA,0.149348,0.25502095,3.07594,0.701385218,-0.038453732,0.068908882,10,2005,2005,101218.363,80.13612366,MDD,Murray Darling Depression,NA,32.6,163,31.2,312,57,285,56.6,566,16.75670875,16.64402284,0.041430155,0.091043968,-0.046507806,1.298496241,0.342105263,3.27E-05
58,SAM30,ABTC113311,ABTC,SAM30_R1.fastq.gz,27ecdca4-60c0-43f4-8ec4-6648374e73e8,27ecdca4-60c0-43f4-8ec4-6648374e73e8,ABTC113311,M,Malurus assimilis,Purple-Backed Fairy Wren,3/10/05,2001 - 2005,2005,14,-34.3481,139.4911,SA,0.312735,0.38815808,2.92842,0.83078455,-0.040400212,0.089560205,10,2005,2005,101218.363,81.03027344,MDD,Murray Darling Depression,NA,32.6,163,31.2,312,57,285,56.6,566,16.75670875,16.64402284,0.041430155,0.091043968,-0.046507806,1.298496241,0.342105263,3.27E-05
59,SAM31,ABTC113312,ABTC,SAM31_R1.fastq.gz,957c195a-53e7-45fb-9084-f3be5721ce2b,957c195a-53e7-45fb-9084-f3be5721ce2b,ABTC113312,F,Malurus assimilis,Purple-Backed Fairy Wren,11/10/05,2001 - 2005,2005,14,-34.3422,139.4861,SA,0.0571674,0.12594672,4.1886,0.797890552,-0.064671438,0.141331379,10,2005,2005,101218.363,80.13612366,MDD,Murray Darling Depression,NA,32.6,163,31.2,312,57,285,56.6,566,16.84158147,16.66501989,0.042959096,0.091283254,-0.036155647,1.298496241,0.342105263,5.01E-05
60,SAM32,ABTC113313,ABTC,SAM32_R1.fastq.gz,4ba10d51-aa95-4c16-849f-f39deb229bc0,4ba10d51-aa95-4c16-849f-f39deb229bc0,ABTC113313,F,Malurus assimilis,Purple-Backed Fairy Wren,21/10/05,2001 - 2005,2005,14,-34.3753,139.4794,SA,0.234396,0.27824366,2.52617,0.760046354,-0.033353387,0.06848063,10,2005,2005,99176.70946,80.77060699,MDD,Murray Darling Depression,NA,32.2,161,30.4,304,56.8,284,56.6,566,16.80640736,16.62955212,0.043873141,0.092467602,-0.035924201,1.266917293,0.357142857,5.65E-05
61,SAM33,ABTC119496,ABTC,SAM33_R1.fastq.gz,bc99f647-1314-4f63-9422-161c0bda22b7,bc99f647-1314-4f63-9422-161c0bda22b7,ABTC119496,,Malurus assimilis,Purple-Backed Fairy Wren,28/7/07,2006 - 2010,2007,12,-29.7253,130.1203,SA,0.0110693,0.08960829,7.34389,-0.243753755,-0.148694031,-0.051460189,7,2007,2007,206737.9929,158.6623993,GVD,Great Victoria Desert,NA,56.6,283,52.4,524,44.6,223,45.7,457,19.83094354,19.68450113,0.02839884,0.058073759,0.026816785,-0.360902256,-0.107518797,9.35E-05
62,SAM34,ABTC119512,ABTC,SAM34_R1.fastq.gz,11a7312d-fbb1-4f1a-b8e3-3426c4e5d2b3,11a7312d-fbb1-4f1a-b8e3-3426c4e5d2b3,ABTC119512,,Malurus assimilis,Purple-Backed Fairy Wren,29/7/07,2006 - 2010,2007,12,-29.8947,130.0892,SA,0.2012,0.19277968,2.05416,-0.282975661,-0.096767374,-0.032354129,7,2007,2007,190740,153.3574982,GVD,Great Victoria Desert,NA,54.2,271,50.7,507,47.2,236,48.1,481,19.63824078,19.50137773,0.028755484,0.058442452,0.028196199,-0.326315789,-0.043609023,9.47E-05
63,SAM35,ABTC119649,ABTC,SAM35_R1.fastq.gz,afa0684d-f71a-443a-9ae8-4eb0b18ef864,afa0684d-f71a-443a-9ae8-4eb0b18ef864,ABTC119649,,Malurus assimilis,Purple-Backed Fairy Wren,6/8/07,2006 - 2010,2007,12,-29.9192,131.1906,SA,0.190738,0.19467406,2.19279,-0.247584773,-0.085580987,-0.026119168,8,2007,2007,173910,260.85849,GVD,Great Victoria Desert,NA,47.6,238,44.5,445,39,195,40.1,401,19.20809305,19.08405411,0.03602859,0.072701304,-0.006461006,0.372180451,0.107518797,8.30E-05
64,SAM36,ABTC119685,ABTC,SAM36_R1.fastq.gz,da0ae6f7-d38c-4304-b8af-08df77c8e845,da0ae6f7-d38c-4304-b8af-08df77c8e845,ABTC119685,,Malurus assimilis,Purple-Backed Fairy Wren,8/8/07,2006 - 2010,2007,12,-30.1544,131.5667,SA,0.0833713,0.25736827,4.89372,-0.210695616,-0.139832844,-0.04292757,8,2007,2007,149854.718,287.884613,GVD,Great Victoria Desert,NA,44.4,222,39.9,399,32.4,162,33.7,337,19.0165268,18.90514258,0.036948953,0.075714548,-0.00917123,0.604511278,0.3,6.76E-05
65,SAM37,ABTC119786,ABTC,SAM37_R1.fastq.gz,75f18074-fa17-440d-bce7-5fe485dc57f5,75f18074-fa17-440d-bce7-5fe485dc57f5,ABTC119786,,Malurus assimilis,Purple-Backed Fairy Wren,29/7/07,2006 - 2010,2007,12,-29.8801,130.1003,SA,0.164814,0.19002201,2.30731,-0.274227145,-0.108850028,-0.034204373,7,2007,2007,190330.9565,148.9822998,GVD,Great Victoria Desert,NA,54.2,271,50.7,507,47.2,236,48.1,481,19.63824078,19.50137773,0.028755484,0.058442452,0.028196199,-0.326315789,-0.043609023,9.47E-05
66,SAM38,ABTC119851,ABTC,SAM38_R1.fastq.gz,808aaacb-d4d1-413e-ad59-86eea5935ec5,808aaacb-d4d1-413e-ad59-86eea5935ec5,ABTC119851,,Malurus assimilis,Purple-Backed Fairy Wren,3/8/07,2006 - 2010,2007,12,-29.2336,130.2,SA,0.0513002,0.19343558,5.26519,-0.24342347,-0.150552502,-0.046490893,8,2007,2007,261032.339,237.5601044,GVD,Great Victoria Desert,NA,58,290,54.7,547,45.4,227,46.3,463,20.06714101,19.89361382,0.03169877,0.06504591,0.000509576,0.033082707,-0.284210526,0.000110618
67,SAM39,ABTC119904,ABTC,SAM39_R1.fastq.gz,c7461441-7a31-4dcb-adea-20a170e8ee84,c7461441-7a31-4dcb-adea-20a170e8ee84,ABTC119904,,Malurus assimilis,Purple-Backed Fairy Wren,8/8/07,2006 - 2010,2007,12,-30.1594,131.6447,SA,0.262303,0.19838569,1.75868,-0.231908287,-0.081314046,-0.020787617,8,2007,2007,152407.0067,244.7776947,GVD,Great Victoria Desert,NA,44.6,223,40.2,402,30.4,152,32.3,323,19.11203904,19.00109646,0.036952667,0.076072301,-0.010503475,0.547368421,0.287969925,6.80E-05
68,SAM41,ABTC143564,ABTC,SAM41_R1.fastq.gz,EA20,EA20,ABTC143564,,Malurus assimilis,Purple-Backed Fairy Wren,7/11/12,2011 - 2015,2012,7,-32.4981,137.8008,SA,0.198735,0.13076752,2.04964,0.309984635,-0.01420235,0.007086948,11,2012,2012,11220,12.41429996,GAW,Gawler,NA,49.2,246,49.4,494,34.8,174,34.9,349,19.54186041,19.46244407,0.042324771,0.074837833,-0.046096593,1.253383459,0.909022556,8.05E-05
69,SAM44,ABTC114048,ABTC,SAM44_R1.fastq.gz,NA,3c084a72-ec53-4578-a32d-dabc73076cb4,NA,,Malurus assimilis,Purple-Backed Fairy Wren,22/10/04,2001 - 2005,2004,15,-34.3753,139.4794,SA,0.0306727,0.12168428,5.69431,0.697379627,-0.047479005,0.102292501,10,2004,2004,99176.70946,80.77060699,MDD,Murray Darling Depression,used data from other specimens from same location,27.2,136,24.2,242,56.4,282,57,570,15.71658646,15.88244347,0.045027607,0.097695114,-0.153226416,1.073684211,-0.707518797,0.000150336
70,SAM45,ABTC114049,ABTC,SAM45_R1.fastq.gz,NA,3c084a72-ec53-4578-a32d-dabc73076cb4,NA,,Malurus assimilis,Purple-Backed Fairy Wren,22/10/04,2001 - 2005,2004,15,-34.3753,139.4794,SA,0.0666037,0.09330678,3.15276,0.692144824,-0.038786801,0.078734418,10,2004,2004,99176.70946,80.77060699,MDD,Murray Darling Depression,used data from other specimens from same location,27.8,139,24.5,245,56.4,282,57,570,15.83733918,15.87403801,0.044177606,0.098231673,-0.149891918,1.073684211,-0.633834586,0.000147858
71,SAM46,ABTC114050,ABTC,SAM46_R1.fastq.gz,NA,3c084a72-ec53-4578-a32d-dabc73076cb4,NA,,Malurus assimilis,Purple-Backed Fairy Wren,25/10/04,2001 - 2005,2004,15,-34.3753,139.4794,SA,0.190534,0.13073273,2.00379,0.709464331,-0.026292225,0.063859753,10,2004,2004,99176.70946,80.77060699,MDD,Murray Darling Depression,used data from other specimens from same location,27.2,136,24.2,242,56.4,282,57,570,15.69222536,15.92627726,0.043716316,0.098141673,-0.168675293,1.073684211,-0.77518797,0.000145035
72,SAM8,ABTC37891,ABTC,SAM8_R1.fastq.gz,8d66897e-190d-4975-b126-fea976ee0612,8d66897e-190d-4975-b126-fea976ee0612,ABTC37891,,Malurus assimilis,Purple-Backed Fairy Wren,21/9/97,1996 - 2000,1997,22,-26.3206,136.5203,SA,0.145192,0.12784421,2.16845,0.006545408,-0.002458962,-0.007442853,9,1997,1997,704131.0756,62.63311005,SSD,Simpson Strzelecki Dunefields,NA,106.6,533,114.8,1148,29.4,147,31.8,318,22.69239971,22.85586243,0.022891747,0.047665691,-0.072571335,-0.081203008,-0.861654135,-6.22E-05
73,WAM55,A35183,WAM,WAM55_R1.fastq.gz,EA9,EA9,A35183,,Malurus assimilis,Purple-Backed Fairy Wren,21/11/92,1991 - 1995,1992,27,-28.8,114.6167,WA,0.195708,0.37466046,2.98253,-0.44051387,-0.225345768,-0.064751239,11,1992,1992,9820,34.98936844,GES,Geraldton Sandplains,NA,34.8,174,34,340,NA,NA,NA,NA,20.03668617,19.96586926,0.087003656,0.164020464,-0.0891453,NA,-0.272180451,0.000279148
74,WAM56,A35582,WAM,WAM56_R1.fastq.gz,EA10,EA10,A35582,,Malurus assimilis,Purple-Backed Fairy Wren,30/9/04,2001 - 2005,2004,15,-22.1197,115.5697,WA,0.0235236,0.1188192,5.44107,-0.362469683,-0.237798728,-0.06905843,9,2004,2004,63364.82936,146.3050995,PIL,Pilbara,NA,136.8,684,138.1,1381,0,0,0,0,25.75428012,25.78637412,0.060702761,0.126636966,-0.029489725,-0.011278195,-0.151879699,0.000263642
75,WAM57,A35583,WAM,WAM57_R1.fastq.gz,EA11,EA11,A35583,,Malurus assimilis,Purple-Backed Fairy Wren,30/9/04,2001 - 2005,2004,15,-22.1197,115.5697,WA,0.242891,0.13135716,1.71251,-0.389522147,-0.137004923,-0.040182092,9,2004,2004,63364.82936,146.3050995,PIL,Pilbara,NA,136.8,684,138.1,1381,0,0,0,0,25.75428012,25.78637412,0.060702761,0.126636966,-0.029489725,-0.011278195,-0.151879699,0.000263642
76,WAM58,A35745,WAM,WAM58_R1.fastq.gz,EA12,EA12,A35745,,Malurus assimilis,Purple-Backed Fairy Wren,17/7/04,2001 - 2005,2004,15,-25.9,113.5333,WA,0.153702,0.19190225,2.14343,-0.433429237,-0.213350031,-0.061011628,7,2004,2004,4910,9.095258713,CAR,Carnarvon,NA,30.6,153,29,290,0,0,0,0,22.43424209,22.36555124,0.033757517,0.074740269,0.057052791,-0.006766917,0.369924812,5.52E-05
,,,,,,,,,,,,,,,,,,,,,,,,,,,,,,,,,,,,,,,,,,,,,,,
,,,,,,,,,,,,,,,,,,,,,,,,,,,,,,,,,,,,,,,,,,,,,,,
,,,,,,,,,,,,,,,,,,,,,,,,,,,,,,,,,,,,,,,,,,,,,,,
,,,,,,,,,,,,,,,,,,,,,,,,,,,,,,,,,,,,,,,,,,,,,,,
,,,,,,,,,,,,,,,,,,,,,,,,,,,,,,,,,,,,,,,,,,,,,,,
,,,,,,,,,,,,,,,,,,,,,,,,,,,,,,,,,,,,,,,,,,,,,,,
,,,,,,,,,,,,,,,,,,,,,,,,,,,,,,,,,,,,,,,,,,,,,,,
,,,,,,,,,,,,,,,,,,,,,,,,,,,,,,,,,,,,,,,,,,,,,,,
,,,,,,,,,,,,,,,,,,,,,,,,,,,,,,,,,,,,,,,,,,,,,,,
,,,,,,,,,,,,,,,,,,,,,,,,,,,,,,,,,,,,,,,,,,,,,,,
,,,,,,,,,,,,,,,,,,,,,,,,,,,,,,,,,,,,,,,,,,,,,,,
,,,,,,,,,,,,,,,,,,,,,,,,,,,,,,,,,,,,,,,,,,,,,,,
,,,,,,,,,,,,,,,,,,,,,,,,,,,,,,,,,,,,,,,,,,,,,,,
,,,,,,,,,,,,,,,,,,,,,,,,,,,,,,,,,,,,,,,,,,,,,,,
,,,,,,,,,,,,,,,,,,,,,,,,,,,,,,,,,,,,,,,,,,,,,,,
,,,,,,,,,,,,,,,,,,,,,,,,,,,,,,,,,,,,,,,,,,,,,,,
,,,,,,,,,,,,,,,,,,,,,,,,,,,,,,,,,,,,,,,,,,,,,,,
,,,,,,,,,,,,,,,,,,,,,,,,,,,,,,,,,,,,,,,,,,,,,,,
,,,,,,,,,,,,,,,,,,,,,,,,,,,,,,,,,,,,,,,,,,,,,,,
,,,,,,,,,,,,,,,,,,,,,,,,,,,,,,,,,,,,,,,,,,,,,,,
,,,,,,,,,,,,,,,,,,,,,,,,,,,,,,,,,,,,,,,,,,,,,,,
,,,,,,,,,,,,,,,,,,,,,,,,,,,,,,,,,,,,,,,,,,,,,,,
,,,,,,,,,,,,,,,,,,,,,,,,,,,,,,,,,,,,,,,,,,,,,,,
,,,,,,,,,,,,,,,,,,,,,,,,,,,,,,,,,,,,,,,,,,,,,,,
,,,,,,,,,,,,,,,,,,,,,,,,,,,,,,,,,,,,,,,,,,,,,,,
,,,,,,,,,,,,,,,,,,,,,,,,,,,,,,,,,,,,,,,,,,,,,,,
,,,,,,,,,,,,,,,,,,,,,,,,,,,,,,,,,,,,,,,,,,,,,,,
,,,,,,,,,,,,,,,,,,,,,,,,,,,,,,,,,,,,,,,,,,,,,,,
,,,,,,,,,,,,,,,,,,,,,,,,,,,,,,,,,,,,,,,,,,,,,,,
,,,,,,,,,,,,,,,,,,,,,,,,,,,,,,,,,,,,,,,,,,,,,,,
,,,,,,,,,,,,,,,,,,,,,,,,,,,,,,,,,,,,,,,,,,,,,,,
,,,,,,,,,,,,,,,,,,,,,,,,,,,,,,,,,,,,,,,,,,,,,,,
,,,,,,,,,,,,,,,,,,,,,,,,,,,,,,,,,,,,,,,,,,,,,,,
,,,,,,,,,,,,,,,,,,,,,,,,,,,,,,,,,,,,,,,,,,,,,,,
,,,,,,,,,,,,,,,,,,,,,,,,,,,,,,,,,,,,,,,,,,,,,,,
,,,,,,,,,,,,,,,,,,,,,,,,,,,,,,,,,,,,,,,,,,,,,,,
,,,,,,,,,,,,,,,,,,,,,,,,,,,,,,,,,,,,,,,,,,,,,,,