SAMPLE.ID,YearJJ,Tmean
SAM28,1995,11.11900528
SAM46,1995,11.16428312
SAM28,2003,11.25672007
SAM46,2003,11.35755364
SAM44,1995,11.3669219
SAM28,1987,11.48342768
SAM28,1991,11.60092282
SAM28,1999,11.62496837
SAM46,1991,11.62675627
SAM44,2003,11.68560902
SAM46,1987,11.76634439
SAM45,1995,11.76880344
SAM44,1991,11.84564519
SAM46,1999,11.85010719
SAM44,1987,11.85537211
SAM44,1999,12.06371832
SAM45,1991,12.1687634
SAM45,1987,12.27311389
SAM45,2003,12.2943457
SAM45,1999,12.33293875
SAM45,1986,13.06277379
SAM45,2002,13.26210491
SAM45,1990,13.47576157
SAM45,1994,13.50673405
SAM45,1998,13.55318968
SAM44,1986,13.600583
SAM44,2002,13.89114626
SAM44,1990,13.98585113
SAM19,1995,14.0734218
SAM44,1998,14.12836893
SAM44,1994,14.13836924
SAM19,1986,14.14493386
SAM19,1996,14.15726757
SAM19,1984,14.30576662
SAM19,1998,14.4885364
SAM46,1986,14.53537695
SAM19,1991,14.54004168
SAM19,1992,14.57216756
SAM19,1997,14.57896078
SAM19,1999,14.62803721
SAM19,1993,14.63863937
SAM19,1983,14.72144775
SAM19,1985,14.74168952
SAM46,1994,14.74170701
SAM19,1987,14.78793534
SAM19,1994,14.86774675
SAM46,2002,14.90323853
SAM46,1998,14.91821694
SAM19,1982,14.94406911
SAM46,1990,14.98535824
SAM19,1989,15.03219978
ANWC92,1994,15.03560619
SAM19,1981,15.15346106
ANWC88,1994,15.19789276
SAM19,1990,15.35709143
ANWC103,1996,15.37333616
SAM28,1986,15.4492077
SAM29,2005,15.48163605
SAM30,2005,15.48163605
SAM19,1988,15.48577928
SAM28,1990,15.51240571
SAM19,1980,15.55640721
SAM28,2002,15.59337767
ANWC90,1994,15.61585617
SAM28,1994,15.62414869
ANWC92,1986,15.62578487
SAM28,1998,15.71572137
ANWC110,1992,15.7673796
ANWC92,1979,15.77677377
ANWC92,1992,15.80185413
ANWC110,1984,15.84144974
ANWC92,1984,15.85178812
ANWC92,1976,15.86750746
ANWC92,1978,15.88175551
ANWC110,1986,15.88891435
ANWC92,1977,15.91410987
ANWC110,1998,15.91786254
SAM25,2004,15.92226057
ANWC92,1985,15.92484061
SAM32,2005,15.95893459
ANWC92,1983,15.98228582
ANWC92,1987,15.98347966
ANWC110,1985,15.98822761
SAM31,2005,15.99061508
SAM25,1986,15.9909482
SAM26,1986,15.9909482
SAM27,1986,15.9909482
SAM32,1986,15.9909482
ANWC110,1995,16.01804566
SAM31,1986,16.02459987
SAM29,2001,16.02629391
SAM30,2001,16.02629391
ANWC110,1996,16.03269792
ANWC92,1989,16.07717538
ANWC92,1993,16.07928578
SAM29,1992,16.08747395
SAM30,1992,16.08747395
SAM29,1986,16.09171279
SAM30,1986,16.09171279
SAM29,1995,16.12676318
SAM30,1995,16.12676318
SAM25,1992,16.12795997
SAM26,1992,16.12795997
SAM27,1992,16.12795997
SAM32,1992,16.12795997
ANWC92,1991,16.13269536
SAM29,1997,16.15609574
SAM30,1997,16.15609574
SAM31,1992,16.15698362
SAM25,1995,16.1688296
SAM26,1995,16.1688296
SAM27,1995,16.1688296
SAM32,1995,16.1688296
ANWC92,1982,16.19310323
SAM31,1995,16.21452506
ANWC110,1983,16.21699552
ANWC90,1986,16.22256207
ANWC92,1981,16.22536341
ANWC92,1975,16.23424959
ANWC104,1996,16.23739688
SAM25,2003,16.25901087
SAM26,2003,16.25901087
SAM27,2003,16.25901087
SAM32,2003,16.25901087
SAM25,1985,16.27821382
SAM26,1985,16.27821382
SAM27,1985,16.27821382
ANWC110,1993,16.28877536
ANWC88,1986,16.30210773
SAM31,2003,16.3031807
ANWC90,1992,16.3731637
SAM25,1996,16.37333727
SAM26,1996,16.37333727
SAM27,1996,16.37333727
SAM32,1996,16.37333727
SAM25,2001,16.38426646
SAM26,2001,16.38426646
SAM27,2001,16.38426646
SAM32,2001,16.38426646
ANWC110,1994,16.39681911
SAM26,2004,16.40381458
SAM27,2004,16.40381458
SAM31,2001,16.40828768
SAM31,1996,16.41104642
ANWC92,1990,16.41702088
ANWC88,1984,16.43164158
ANWC88,1992,16.43753401
ANWC92,1988,16.45708505
SAM29,2003,16.46017488
SAM30,2003,16.46017488
ANWC110,1989,16.46120501
ANWC90,1984,16.46892826
ANWC90,1979,16.46967522
SAM25,1997,16.47492615
SAM26,1997,16.47492615
SAM27,1997,16.47492615
SAM32,1997,16.47492615
ANWC110,1979,16.48949091
SAM29,1989,16.49536721
SAM30,1989,16.49536721
ANWC90,1976,16.50057427
SAM31,1997,16.5059464
ANWC90,1978,16.51993481
ANWC90,1985,16.52894743
SAM25,1998,16.53852789
SAM26,1998,16.53852789
SAM27,1998,16.53852789
SAM32,1998,16.53852789
ANWC110,1991,16.54344344
SAM29,1987,16.55424722
SAM30,1987,16.55424722
ANWC94,1994,16.57217951
SAM20,1986,16.57588037
SAM21,1986,16.57588037
SAM31,1998,16.58037957
SAM25,1991,16.58676322
SAM26,1991,16.58676322
SAM27,1991,16.58676322
SAM32,1991,16.58676322
SAM25,1989,16.59673421
SAM26,1989,16.59673421
SAM27,1989,16.59673421
SAM32,1989,16.59673421
SAM25,1987,16.60606082
SAM26,1987,16.60606082
SAM27,1987,16.60606082
SAM32,1987,16.60606082
SAM29,2004,16.61105887
SAM30,2004,16.61105887
ANWC90,1977,16.61589138
SAM29,1991,16.62662919
SAM30,1991,16.62662919
SAM31,1989,16.62840287
SAM31,1991,16.63271507
ANWC90,1983,16.63717254
SAM31,1987,16.63893
SAM20,1984,16.6445171
SAM21,1984,16.6445171
ANWC110,1987,16.65527185
ANWC110,1988,16.65775188
ANWC90,1987,16.66102259
ANWC102,1996,16.6651448
SAM28,1992,16.67439477
ANWC88,1976,16.68391379
SAM20,1992,16.68407734
SAM21,1992,16.68407734
ANWC110,1981,16.68611304
ANWC88,1991,16.69105426
SAM25,1993,16.69582232
SAM26,1993,16.69582232
SAM27,1993,16.69582232
SAM32,1993,16.69582232
ANWC90,1993,16.69921128
ANWC90,1989,16.70105656
SAM25,1999,16.70786349
SAM26,1999,16.70786349
SAM27,1999,16.70786349
SAM32,1999,16.70786349
SAM31,1999,16.73039405
SAM29,1996,16.73452226
SAM30,1996,16.73452226
ANWC92,1980,16.73875602
SAM31,1993,16.74147566
ANWC90,1991,16.74252431
ANWC88,1993,16.74834188
SAM29,1993,16.75561277
SAM30,1993,16.75561277
ANWC110,1982,16.75830623
ANWC103,1992,16.77675923
SAM29,1998,16.78692699
SAM30,1998,16.78692699
ANWC88,1985,16.80543947
SAM25,1994,16.82378197
SAM26,1994,16.82378197
SAM27,1994,16.82378197
SAM32,1994,16.82378197
ANWC103,1985,16.83204834
SAM29,1999,16.85237646
SAM30,1999,16.85237646
ANWC90,1975,16.86464222
ANWC110,1990,16.870001
ANWC101,1996,16.87044323
SAM31,1994,16.87554073
ANWC104,1986,16.87858001
ANWC90,1982,16.88096301
SAM20,1997,16.90868534
SAM21,1997,16.90868534
ANWC90,1981,16.91020839
SAM20,1985,16.91297786
SAM21,1985,16.91297786
SAM32,2004,16.91586216
ANWC88,1989,16.91851505
SAM29,1994,16.93060032
SAM30,1994,16.93060032
SAM31,2004,16.95510674
SAM25,2002,16.95786945
SAM26,2002,16.95786945
SAM27,2002,16.95786945
SAM32,2002,16.95786945
ANWC104,1987,16.96047036
ANWC103,1989,16.96966728
ANWC88,1977,16.98485216
ANWC104,1978,16.98625477
ANWC88,1987,16.98964286
ANWC88,1978,16.99223153
ANWC88,1979,16.99809082
SAM31,2002,17.00071653
ANWC103,1986,17.00085044
ANWC88,1983,17.01475207
ANWC104,1992,17.02541828
SAM20,1979,17.03092869
SAM21,1979,17.03092869
SAM25,1990,17.03451546
SAM26,1990,17.03451546
SAM27,1990,17.03451546
SAM32,1990,17.03451546
ANWC104,1985,17.04799668
ANWC104,1984,17.05145224
SAM20,1978,17.05576754
SAM21,1978,17.05576754
SAM25,1988,17.0621504
SAM26,1988,17.0621504
SAM27,1988,17.0621504
SAM32,1988,17.0621504
ANWC90,1990,17.0730292
SAM31,1990,17.07386637
ANWC103,1995,17.08688585
SAM31,1988,17.09886694
SAM20,1989,17.10179257
SAM21,1989,17.10179257
ANWC110,1997,17.10809143
ANWC90,1988,17.11163871
SAM20,1987,17.11685324
SAM21,1987,17.11685324
ANWC104,1995,17.12799517
ANWC103,1984,17.12869485
ANWC88,1982,17.14885871
ANWC104,1979,17.1590759
SAM20,1995,17.16331092
SAM21,1995,17.16331092
ANWC104,1989,17.17322953
SAM29,2002,17.18970442
SAM30,2002,17.18970442
ANWC88,1988,17.20649068
SAM28,2004,17.21615306
SAM29,1990,17.21776517
SAM30,1990,17.21776517
ANWC104,1983,17.23503494
SAM46,1992,17.23609273
ANWC103,1979,17.24175199
SAM29,1988,17.24337133
SAM30,1988,17.24337133
ANWC94,1986,17.2439057
ANWC88,1990,17.26873946
SAM20,1983,17.27404157
SAM21,1983,17.27404157
ANWC104,1977,17.29397305
ANWC103,1978,17.30990839
ANWC104,1991,17.32126236
ANWC94,1992,17.33183638
ANWC110,1980,17.33667048
ANWC94,1985,17.33931621
ANWC104,1993,17.34284647
ANWC88,1975,17.34400423
ANWC94,1976,17.34440494
ANWC94,1984,17.34565242
SAM28,1996,17.34924722
ANWC88,1981,17.35804558
SAM20,1981,17.39432287
SAM21,1981,17.39432287
SAM20,1996,17.41650136
SAM21,1996,17.41650136
SAM20,1982,17.41688498
SAM21,1982,17.41688498
ANWC104,1994,17.41786051
ANWC90,1980,17.42536616
ANWC104,1988,17.44044701
SAM20,1993,17.44593581
SAM21,1993,17.44593581
ANWC103,1981,17.46714036
ANWC104,1982,17.483797
SAM29,2000,17.49631166
SAM30,2000,17.49631166
SAM36,2007,17.51112294
SAM25,2000,17.51502784
SAM26,2000,17.51502784
SAM27,2000,17.51502784
SAM32,2000,17.51502784
SAM31,2000,17.54061572
ANWC100,1996,17.54828084
ANWC103,1993,17.59149098
SAM39,2007,17.60153699
ANWC94,1978,17.60694559
SAM35,2007,17.60880852
SAM28,2000,17.63400928
SAM20,1988,17.64502319
SAM21,1988,17.64502319
ANWC103,1982,17.64965995
ANWC103,1991,17.65495078
ANWC94,1979,17.65561676
ANWC104,1981,17.65654763
ANWC109,1997,17.66322899
ANWC104,1990,17.66871643
ANWC94,1987,17.6727616
SAM20,1991,17.68652503
SAM21,1991,17.68652503
ANWC103,1987,17.70394103
ANWC94,1989,17.72134336
SAM20,1990,17.76931802
SAM21,1990,17.76931802
SAM44,1992,17.78001753
ANWC94,1991,17.78475929
ANWC103,1994,17.7900703
SAM28,1988,17.81307284
ANWC94,1977,17.83089463
ANWC103,1977,17.8370777
ANWC103,1990,17.85443505
ANWC103,1988,17.85576765
SAM20,1994,17.8791817
SAM21,1994,17.8791817
ANWC94,1975,17.88582873
ANWC104,1980,17.89750369
ANWC92,1974,17.91770617
ANWC103,1983,17.92595228
SAM46,2004,17.92824017
ANWC94,1993,17.93736267
ANWC94,1983,17.95779832
ANWC109,1984,17.96729771
SAM20,1980,17.97909617
SAM21,1980,17.97909617
ANWC94,1982,17.98987826
ANWC88,1980,18.00275556
ANWC118,1993,18.10392984
ANWC118,2007,18.1151611
SAM46,1996,18.11799717
ANWC94,1981,18.15040278
ANWC103,1980,18.15333946
ANWC126,2008,18.1550889
ANWC94,1988,18.15759134
SAM36,2001,18.16650796
SAM34,2007,18.16759886
SAM37,2007,18.16759886
ANWC94,1990,18.1794192
SAM46,2000,18.18285314
ANWC102,1984,18.23418204
ANWC109,1992,18.25981935
SAM39,2001,18.26216912
ANWC102,1989,18.26979351
SAM35,2001,18.29904922
ANWC109,1986,18.30166427
ANWC108,1997,18.31491957
ANWC118,1999,18.32302944
SAM33,2007,18.32872282
SAM36,1989,18.34389019
SAM36,1992,18.36387404
SAM45,1992,18.37947973
ANWC101,1984,18.39102093
ANWC118,2009,18.39565502
SAM38,2007,18.40156818
SAM36,1995,18.4037873
SAM36,1988,18.41462708
SAM46,1988,18.41670195
SAM39,1989,18.44391219
SAM41,2012,18.44939943
SAM35,1989,18.44986105
ANWC101,1989,18.46280424
SAM39,1992,18.46292162
SAM35,1988,18.47642342
ANWC109,1987,18.48558021
ANWC109,1985,18.48802646
ANWC102,1992,18.49743811
ANWC118,1997,18.50864307
ANWC109,1995,18.50903781
SAM39,1995,18.5095969
ANWC102,1986,18.51790746
SAM35,1992,18.5214119
SAM41,1995,18.52155026
ANWC102,1985,18.54041974
SAM35,1995,18.54274035
SAM39,1988,18.54345481
ANWC118,1995,18.54678329
ANWC109,1993,18.56694539
ANWC109,1996,18.57025186
ANWC94,1980,18.57606936
ANWC118,2003,18.59251905
SAM41,2001,18.59489981
ANWC102,1978,18.60218843
SAM36,1994,18.60404221
ANWC131,2008,18.61362672
ANWC109,1978,18.63274805
ANWC109,1994,18.63303916
ANWC90,1974,18.63401413
SAM36,2003,18.64527456
ANWC109,1989,18.66191069
ANWC102,1979,18.66723736
ANWC130,2008,18.66739059
SAM34,1988,18.6906724
SAM37,1988,18.6906724
SAM34,2001,18.69518058
SAM37,2001,18.69518058
SAM35,1994,18.71243739
SAM39,1994,18.71546968
SAM36,2006,18.72689303
ANWC118,1991,18.7294716
SAM44,1996,18.73751354
ANWC101,1986,18.74151587
ANWC101,1992,18.74154624
SAM39,2003,18.74328907
ANWC101,1985,18.74598122
ANWC101,1978,18.75328978
ANWC128,2008,18.75937772
ANWC134,2008,18.76286852
SAM36,1999,18.76872929
SAM34,1989,18.7787172
SAM37,1989,18.7787172
ANWC102,1995,18.78794058
SAM36,1993,18.78897405
ANWC109,1983,18.79484733
ANWC102,1987,18.80064495
ANWC102,1994,18.80700032
SAM44,2004,18.80921294
ANWC108,1984,18.82555477
SAM39,2006,18.82566238
SAM34,1992,18.82791821
SAM37,1992,18.82791821
SAM36,1990,18.8310585
SAM44,2000,18.83408984
ANWC101,1979,18.83565235
SAM34,1995,18.83668908
SAM37,1995,18.83668908
SAM36,1991,18.84187015
SAM33,2001,18.84976753
ANWC129,2008,18.85357738
SAM36,1998,18.85392793
SAM35,2003,18.85400176
ANWC118,2001,18.85829361
SAM39,1999,18.86988989
SAM36,1997,18.88642247
SAM33,1988,18.88899414
ANWC109,1991,18.89197588
SAM39,1993,18.89402247
ANWC118,2005,18.89415717
ANWC108,1992,18.89528553
ANWC109,1981,18.8991394
SAM35,1999,18.90801501
SAM35,1993,18.92297824
SAM35,2006,18.9243381
ANWC109,1979,18.92549308
SAM35,1990,18.93078732
WAM55,1986,18.9329524
SAM35,1991,18.93449863
ANWC126,2001,18.93731117
ANWC135,2008,18.93783569
ANWC136,2008,18.93783569
SAM38,2001,18.9391048
SAM36,1996,18.94510889
SAM39,1990,18.94715778
SAM39,1998,18.95213811
ANWC102,1982,18.95479751
ANWC109,1982,18.95737219
SAM33,1989,18.95832936
SAM39,1991,18.9618233
ANWC102,1993,18.96732672
SAM39,1997,18.96963843
SAM41,1996,18.97105265
ANWC101,1994,18.97744838
ANWC101,1987,18.98145954
SAM36,2004,18.98420819
ANWC126,1992,18.99668559
SAM41,2006,19.00153557
SAM41,2010,19.0106252
SAM33,1992,19.01565234
ANWC108,1985,19.01757733
ANWC101,1995,19.02541486
SAM44,1988,19.02913475
SAM33,1995,19.0320104
SAM39,1996,19.03968867
SAM35,1998,19.04964161
SAM41,1998,19.05791163
SAM34,1994,19.05986134
SAM37,1994,19.05986134
SAM39,2004,19.08093699
SAM38,1988,19.08344595
SAM34,1991,19.09103537
SAM37,1991,19.09103537
SAM38,1989,19.09384823
SAM36,2002,19.09692995
ANWC101,1982,19.10848419
ANWC132,2008,19.11142159
ANWC133,2008,19.11142159
SAM34,1990,19.1184574
SAM37,1990,19.1184574
SAM41,2003,19.12952344
SAM35,1997,19.13371102
SAM34,1993,19.13785823
SAM37,1993,19.13785823
ANWC109,1988,19.14127978
SAM35,1996,19.14523832
SAM41,1997,19.15073228
ANWC108,1986,19.15716807
SAM35,2004,19.15929198
ANWC126,1995,19.16393964
ANWC101,1993,19.16608254
ANWC126,1989,19.18030262
SAM39,2002,19.18888458
ANWC108,1989,19.19065293
SAM41,1994,19.21467924
ANWC134,1992,19.21974508
SAM45,2004,19.21976991
ANWC108,1995,19.22424022
ANWC102,1983,19.22706612
ANWC131,2001,19.23827219
SAM34,1999,19.24227063
SAM37,1999,19.24227063
SAM38,1992,19.24596214
ANWC106,1997,19.24684849
ANWC107,1997,19.24684849
ANWC100,1984,19.24720001
WAM55,1992,19.24795385
ANWC100,1992,19.25211867
ANWC134,2001,19.26366917
SAM33,1994,19.26652058
SAM38,1995,19.27304888
ANWC102,1991,19.27787375
ANWC102,1981,19.28100928
SAM34,2003,19.28619886
SAM37,2003,19.28619886
ANWC108,1978,19.28649592
SAM35,2002,19.29191415
SAM36,2000,19.29320415
ANWC117,2002,19.29730105
SAM41,2008,19.30131737
ANWC102,1988,19.30646451
ANWC108,1993,19.30703107
ANWC108,1987,19.30724208
SAM33,1990,19.30942043
SAM41,1993,19.31059218
ANWC102,1977,19.31242243
SAM33,1991,19.31363114
ANWC100,1986,19.32004086
SAM19,1979,19.32097244
ANWC100,1989,19.3261919
SAM33,1993,19.32934618
ANWC100,1985,19.33012764
SAM41,1999,19.33096186
ANWC130,2001,19.33229367
ANWC126,1993,19.33547306
ANWC128,2001,19.33632541
ANWC108,1996,19.34397634
SAM41,2011,19.36185622
ANWC135,1992,19.36321187
ANWC136,1992,19.36321187
ANWC117,1993,19.37368806
ANWC126,1990,19.3812898
SAM45,2000,19.38301468
SAM34,2006,19.38445266
SAM37,2006,19.38445266
ANWC108,1994,19.38466891
SAM41,2002,19.38726544
ANWC102,1990,19.38759398
SAM39,2000,19.39693387
ANWC101,1983,19.40354951
ANWC135,2001,19.40396349
ANWC136,2001,19.40396349
SAM35,2000,19.40965899
SAM33,1999,19.41393177
ANWC129,2001,19.4153076
ANWC109,1990,19.42918197
SAM45,1996,19.43710995
WAM55,1984,19.43742124
SAM38,1994,19.44519218
ANWC105,1997,19.45794735
ANWC101,1981,19.47052495
ANWC117,2009,19.48084554
ANWC117,2007,19.48841381
SAM41,2004,19.49101067
SAM34,1998,19.49517028
SAM37,1998,19.49517028
SAM33,2003,19.49528217
ANWC128,1992,19.4994847
ANWC108,1979,19.49998268
ANWC126,1999,19.50138776
ANWC126,1991,19.50139992
ANWC108,1981,19.50247216
ANWC101,1991,19.50894801
ANWC101,1988,19.51221999
ANWC101,1977,19.51686271
ANWC132,1992,19.52649887
ANWC133,1992,19.52649887
SAM34,2004,19.52962844
SAM37,2004,19.52962844
SAM38,1990,19.5468123
ANWC100,1995,19.54796243
SAM34,1996,19.56518738
SAM37,1996,19.56518738
SAM38,1993,19.5688858
SAM33,2006,19.5754443
WAM55,1990,19.57662352
ANWC108,1982,19.58442585
SAM38,1991,19.58781735
ANWC101,1990,19.59380476
ANWC117,1998,19.59519386
ANWC131,1992,19.59636092
SAM38,1999,19.59835911
ANWC117,2008,19.60785818
ANWC132,2001,19.61811098
ANWC133,2001,19.61811098
ANWC117,1994,19.62171014
ANWC108,1983,19.62522817
ANWC100,1979,19.6290462
SAM36,2005,19.62932825
ANWC100,1978,19.62944547
ANWC109,1980,19.63504569
ANWC129,1992,19.63625248
ANWC126,1994,19.64097198
SAM34,1997,19.6420633
SAM37,1997,19.6420633
ANWC104,1976,19.64334559
ANWC108,1991,19.65962728
WAM55,1973,19.67141724
ANWC130,1992,19.67230312
WAM55,1989,19.67554156
ANWC117,1999,19.6789434
WAM55,1974,19.6828692
SAM33,1998,19.6859204
ANWC105,1994,19.70266588
SAM33,2004,19.71554367
ANWC105,1984,19.71608988
ANWC105,1978,19.71658643
ANWC134,1995,19.71663014
SAM39,2005,19.7214222
ANWC117,2000,19.72178459
ANWC131,1989,19.74201799
SAM34,2000,19.74788864
SAM37,2000,19.74788864
SAM33,1996,19.75329852
ANWC117,1990,19.75475534
ANWC100,1987,19.76713101
ANWC117,2006,19.78712853
ANWC130,1989,19.78836242
ANWC117,2004,19.7919693
SAM38,2003,19.7945803
SAM34,2002,19.80105503
SAM37,2002,19.80105503
ANWC134,1993,19.80218538
SAM35,2005,19.81091928
SAM33,1997,19.81711952
ANWC126,2003,19.81734467
ANWC100,1993,19.82190911
SAM38,2006,19.82583793
ANWC100,1994,19.8410298
ANWC126,2004,19.84166829
WAM55,1979,19.84917418
SAM32,1985,19.84939003
ANWC106,1984,19.85267162
ANWC107,1984,19.85267162
WAM55,1980,19.85349043
ANWC117,1997,19.85407297
ANWC128,1995,19.85967843
ANWC126,2006,19.87194141
ANWC71,1984,19.87312182
WAM55,1981,19.87758716
ANWC102,1980,19.87864621
ANWC131,1995,19.88819409
ANWC108,1988,19.88968913
ANWC105,1983,19.89089227
ANWC128,1989,19.89375591
SAM31,1985,19.89939117
ANWC106,1978,19.90474478
ANWC107,1978,19.90474478
ANWC135,1995,19.90505226
ANWC136,1995,19.90505226
SAM41,2005,19.9058036
ANWC100,1982,19.9130199
SAM33,2000,19.92355442
SAM38,2004,19.93048128
ANWC105,1996,19.931434
ANWC130,1995,19.93731817
SAM38,1998,19.94985596
ANWC135,1993,19.95325065
ANWC136,1993,19.95325065
ANWC131,1999,19.96561416
ANWC126,1998,19.97029114
ANWC100,1981,19.97826258
ANWC128,1993,19.98055402
ANWC129,1989,19.98340964
SAM33,2002,19.9839747
ANWC134,1989,19.9878912
SAM45,1988,19.99136639
ANWC129,1995,19.99298406
ANWC75,1982,19.9989183
ANWC131,1993,20.00023746
ANWC117,2003,20.00085203
SAM41,2007,20.00407155
ANWC108,1990,20.00543904
ANWC126,2000,20.01216952
ANWC126,1996,20.01252365
SAM38,1996,20.01393414
ANWC132,1995,20.02469508
ANWC133,1995,20.02469508
SAM41,2009,20.03143167
WAM55,1991,20.03213175
SAM38,1997,20.04189992
ANWC130,1999,20.04278946
ANWC105,1985,20.05004708
ANWC101,1980,20.05712144
ANWC105,1995,20.06175359
ANWC130,1993,20.06637828
ANWC117,1995,20.0704391
ANWC128,1999,20.07103745
SAM38,2000,20.0712134
WAM55,1975,20.07236735
ANWC100,1991,20.07704051
WAM55,1987,20.08032227
ANWC72,1982,20.0850606
ANWC73,1982,20.0850606
ANWC117,1996,20.0852414
ANWC134,1999,20.09549141
ANWC72,2001,20.10031811
ANWC73,2001,20.10031811
ANWC129,1993,20.10115417
ANWC106,1996,20.1029675
ANWC107,1996,20.1029675
ANWC106,1983,20.11331383
ANWC107,1983,20.11331383
ANWC132,1993,20.1231509
ANWC133,1993,20.1231509
ANWC117,1991,20.13713288
ANWC131,1990,20.14559523
SAM41,2000,20.15342728
ANWC126,1997,20.15585915
ANWC129,1999,20.15799634
ANWC71,1992,20.15894858
SAM38,2002,20.16122762
ANWC135,1989,20.16324059
ANWC136,1989,20.16324059
ANWC100,1983,20.16641617
ANWC134,2000,20.16924183
ANWC130,1990,20.17723226
SAM34,1987,20.18865585
SAM37,1987,20.18865585
SAM34,2005,20.18986893
SAM37,2005,20.18986893
ANWC117,1992,20.19769979
ANWC72,1989,20.19869169
ANWC73,1989,20.19869169
ANWC168,2010,20.21410465
ANWC100,1977,20.22236602
ANWC94,1974,20.22259903
ANWC71,1994,20.22861505
ANWC135,1999,20.23601659
ANWC136,1999,20.23601659
ANWC106,1992,20.2407488
ANWC107,1992,20.2407488
ANWC100,1988,20.24269772
ANWC105,1992,20.24549588
ANWC128,1990,20.24571371
ANWC117,2005,20.24698011
ANWC117,2001,20.25869679
WAM55,1982,20.2640849
ANWC71,1998,20.26482773
SAM17,1999,20.27099281
SAM18,1999,20.27099281
ANWC106,1994,20.27943492
ANWC107,1994,20.27943492
SAM8,1997,20.27971586
ANWC126,2002,20.28102803
ANWC131,1994,20.2839795
ANWC135,2000,20.28589511
ANWC136,2000,20.28589511
ANWC131,2000,20.29973944
ANWC108,1980,20.30180661
SAM29,1985,20.30311489
SAM30,1985,20.30311489
ANWC130,1994,20.31106083
ANWC100,1990,20.31557878
ANWC71,1983,20.31607429
ANWC131,1991,20.32521486
ANWC75,2001,20.32615598
WAM55,1985,20.33137703
SAM12,1997,20.33784888
ANWC130,1991,20.34210793
ANWC71,1996,20.34555888
ANWC106,1995,20.35092211
ANWC107,1995,20.35092211
ANWC128,2000,20.35462983
ANWC129,1990,20.3620952
ANWC132,1989,20.37057877
ANWC133,1989,20.37057877
ANWC71,1985,20.37399181
ANWC106,1986,20.38000798
ANWC107,1986,20.38000798
SAM33,2005,20.38447285
ANWC72,1985,20.38791657
ANWC73,1985,20.38791657
ANWC71,1995,20.40372531
ANWC105,1988,20.41415739
ANWC130,2000,20.41669289
ANWC72,1984,20.41922522
ANWC73,1984,20.41922522
ANWC128,1991,20.42326959
ANWC129,2000,20.43157673
SAM33,1987,20.43513441
ANWC128,1994,20.44039162
ANWC105,1989,20.4432199
ANWC132,1999,20.46573051
ANWC133,1999,20.46573051
SAM11,1997,20.47584216
ANWC106,1981,20.47810022
ANWC107,1981,20.47810022
ANWC134,1996,20.48385183
ANWC77,2001,20.49111994
ANWC126,2005,20.49117645
WAM55,1983,20.49172195
ANWC106,1985,20.49318846
ANWC107,1985,20.49318846
ANWC106,1989,20.50335264
ANWC107,1989,20.50335264
ANWC132,2000,20.50507657
ANWC133,2000,20.50507657
ANWC105,1990,20.51875123
ANWC134,1994,20.52025501
WAM55,1978,20.52716335
ANWC105,1981,20.52919936
ANWC134,1990,20.53768571
ANWC129,1994,20.54309225
ANWC129,1991,20.54949737
ANWC72,1992,20.55065608
ANWC73,1992,20.55065608
ANWC106,1988,20.55485964
ANWC107,1988,20.55485964
ANWC72,1995,20.56942678
ANWC73,1995,20.56942678
ANWC100,1980,20.5738558
ANWC71,1986,20.57406847
ANWC105,1986,20.57555691
ANWC131,2004,20.5772926
ANWC131,2006,20.58327079
ANWC71,1981,20.58636117
WAM55,1977,20.59489075
ANWC130,2004,20.61488533
ANWC126,2007,20.61690291
ANWC71,1989,20.61735161
ANWC134,1991,20.61916304
SAM38,2005,20.62357791
ANWC130,2006,20.62420336
ANWC105,1993,20.62458968
WAM55,1976,20.6297005
ANWC131,2003,20.63677343
ANWC77,1992,20.63977885
ANWC71,1997,20.64316519
ANWC103,1976,20.65410018
ANWC135,1996,20.65873996
ANWC136,1996,20.65873996
ANWC130,2003,20.66855033
ANWC81,1986,20.67684181
ANWC128,2004,20.69489813
ANWC72,2002,20.69758987
ANWC73,2002,20.69758987
ANWC135,1994,20.70196215
ANWC136,1994,20.70196215
ANWC128,2006,20.70512295
ANWC72,1986,20.71354723
ANWC73,1986,20.71354723
ANWC128,1996,20.71820466
ANWC105,1982,20.72565714
ANWC71,1988,20.73250373
ANWC72,1987,20.74112733
ANWC73,1987,20.74112733
ANWC105,1987,20.74452647
ANWC131,1996,20.76050202
ANWC134,2004,20.76590244
ANWC118,2002,20.76692446
ANWC128,2003,20.78094848
ANWC132,1996,20.78949388
ANWC133,1996,20.78949388
ANWC134,2006,20.79007936
WAM58,1984,20.80652237
ANWC129,2004,20.81061649
ANWC71,1987,20.81203183
ANWC129,2006,20.81209644
ANWC135,1990,20.81245184
ANWC136,1990,20.81245184
ANWC130,1996,20.813634
ANWC72,1999,20.8170135
ANWC73,1999,20.8170135
ANWC131,1997,20.82377005
ANWC106,1987,20.82931852
ANWC107,1987,20.82931852
ANWC75,2002,20.83712559
ANWC129,1996,20.84839582
ANWC134,1997,20.85111666
ANWC131,1998,20.85268108
ANWC71,1993,20.85587374
ANWC131,2002,20.86273432
ANWC130,1998,20.86320321
ANWC72,1997,20.86443472
ANWC73,1997,20.86443472
ANWC135,1991,20.86847122
ANWC136,1991,20.86847122
ANWC130,1997,20.88316186
ANWC129,2003,20.88941383
SAM25,1984,20.88973109
ANWC118,1990,20.89198653
ANWC132,1994,20.89232683
ANWC133,1994,20.89232683
ANWC134,2003,20.90218576
ANWC75,1989,20.9032197
ANWC106,1990,20.90344572
ANWC107,1990,20.90344572
WAM58,1986,20.90564601
ANWC128,1997,20.91527081
ANWC130,2002,20.92045848
ANWC105,1979,20.92659672
ANWC72,1988,20.92714501
ANWC73,1988,20.92714501
WAM55,1988,20.9338274
ANWC118,2000,20.94449949
ANWC71,1990,20.95054118
ANWC106,1993,20.95102199
ANWC107,1993,20.95102199
ANWC88,1974,20.95208041
ANWC128,1998,20.95560455
ANWC135,2004,20.95932945
ANWC136,2004,20.95932945
ANWC106,1982,20.96149381
ANWC107,1982,20.96149381
ANWC118,2008,20.96699778
ANWC81,1993,20.97030457
ANWC132,1990,20.9727761
ANWC133,1990,20.9727761
ANWC135,2006,20.97888247
ANWC136,2006,20.97888247
ANWC118,1998,20.97893032
ANWC170,2010,20.98199203
ANWC72,1994,20.98258416
ANWC73,1994,20.98258416
ANWC72,1998,20.994392
ANWC73,1998,20.994392
ANWC135,1997,20.99679391
ANWC136,1997,20.99679391
ANWC129,1997,20.99797169
ANWC118,2006,20.99801596
ANWC128,2002,21.00094724
SAM16,1998,21.00810708
ANWC77,1982,21.02315903
WAM58,1993,21.02377033
ANWC132,1991,21.02437655
ANWC133,1991,21.02437655
ANWC118,1994,21.02466734
SAM17,1985,21.04313548
SAM18,1985,21.04313548
SAM45,1993,21.05013673
ANWC134,2002,21.05093662
ANWC71,1982,21.05699611
ANWC75,1984,21.06530317
ANWC134,1998,21.06959454
ANWC81,1982,21.08348083
ANWC129,1998,21.08870657
ANWC129,2002,21.09402553
ANWC132,2004,21.09416779
ANWC133,2004,21.09416779
ANWC135,2003,21.09916528
ANWC136,2003,21.09916528
ANWC71,1979,21.09948127
ANWC131,2007,21.11712813
ANWC106,1991,21.13327662
ANWC107,1991,21.13327662
ANWC77,1993,21.13840914
ANWC106,1979,21.14582269
ANWC107,1979,21.14582269
ANWC132,2006,21.14901702
ANWC133,2006,21.14901702
ANWC102,1976,21.16376247
SAM17,1984,21.16808073
SAM18,1984,21.16808073
ANWC81,1992,21.17909257
ANWC134,2007,21.18211818
SAM36,1987,21.18538666
ANWC105,1991,21.18668373
SAM17,1989,21.18689569
SAM18,1989,21.18689569
ANWC77,1999,21.19059595
ANWC72,1993,21.19281793
ANWC73,1993,21.19281793
ANWC72,1996,21.19513726
ANWC73,1996,21.19513726
ANWC130,2007,21.20304632
ANWC77,1995,21.2079312
WAM58,1992,21.21098836
ANWC132,1997,21.21135354
ANWC133,1997,21.21135354
ANWC135,2002,21.2183249
ANWC136,2002,21.2183249
ANWC128,2007,21.21872505
ANWC75,1985,21.25018811
ANWC72,1983,21.25497317
ANWC73,1983,21.25497317
ANWC132,2003,21.25620325
ANWC133,2003,21.25620325
SAM17,1982,21.26334469
SAM18,1982,21.26334469
SAM45,1997,21.28784704
ANWC77,2000,21.28797062
SAM44,1993,21.29054419
ANWC71,1991,21.2932028
SAM28,1993,21.29524851
ANWC129,2007,21.30099408
SAM39,1987,21.30677299
ANWC135,1998,21.31147901
ANWC136,1998,21.31147901
ANWC75,1983,21.31489595
ANWC135,2007,21.32479906
ANWC136,2007,21.32479906
SAM14,1998,21.32868639
SAM15,1998,21.32868639
ANWC81,1990,21.33767549
ANWC131,2005,21.34358382
WAM58,1990,21.3548038
SAM46,1993,21.36877012
ANWC130,2005,21.36899932
ANWC118,2004,21.36938858
ANWC72,1990,21.37147808
ANWC73,1990,21.37147808
ANWC132,1998,21.3886164
ANWC133,1998,21.3886164
ANWC77,1989,21.4029367
ANWC101,1976,21.40590286
ANWC77,1984,21.41451041
ANWC132,2002,21.42327261
ANWC133,2002,21.42327261
ANWC75,2000,21.42487176
ANWC75,1988,21.43765497
ANWC128,2005,21.44571718
ANWC81,1984,21.44787137
ANWC105,1980,21.47599912
SAM17,1992,21.47969771
SAM18,1992,21.47969771
WAM58,2004,21.48062679
ANWC81,1989,21.48350175
SAM35,1987,21.48996735
ANWC168,2008,21.49736818
SAM45,1989,21.50190179
ANWC72,2000,21.51463556
ANWC73,2000,21.51463556
ANWC168,2000,21.51556643
ANWC75,1994,21.52437536
ANWC118,1996,21.53268743
ANWC78,1999,21.54575117
SAM17,1987,21.55378946
SAM18,1987,21.55378946
ANWC132,2007,21.55632329
ANWC133,2007,21.55632329
ANWC77,2002,21.55744266
ANWC118,1992,21.56839871
ANWC106,1980,21.56958898
ANWC107,1980,21.56958898
ANWC129,2005,21.57822394
ANWC75,1987,21.60706767
ANWC134,2005,21.60745271
ANWC170,2008,21.6136229
ANWC78,2000,21.61810573
SAM17,1986,21.61940447
SAM18,1986,21.61940447
ANWC126,1988,21.64195671
ANWC170,2000,21.65384785
WAM58,1989,21.66329304
SAM44,1984,21.66370964
ANWC77,1983,21.66630125
ANWC72,1991,21.6678079
ANWC73,1991,21.6678079
ANWC77,1986,21.67090996
SAM17,1988,21.68597523
SAM18,1988,21.68597523
SAM17,1995,21.71665247
SAM18,1995,21.71665247
ANWC71,1980,21.72086763
ANWC81,1991,21.73261976
WAM58,1991,21.74823125
ANWC77,1987,21.75562652
ANWC77,1985,21.76771506
SAM17,1994,21.77146379
SAM18,1994,21.77146379
SAM17,1981,21.77588018
SAM18,1981,21.77588018
SAM17,1983,21.80565373
SAM18,1983,21.80565373
ANWC75,1986,21.85373704
SAM46,1997,21.8594416
SAM26,1984,21.86209679
SAM27,1984,21.86209679
SAM28,1997,21.86790927
SAM44,1997,21.87032874
ANWC135,2005,21.88571262
ANWC136,2005,21.88571262
ANWC75,1999,21.89142132
ANWC75,1992,21.89379001
ANWC168,1994,21.90001543
ANWC75,1995,21.90143816
ANWC81,1997,21.90155808
ANWC168,1999,21.90165647
ANWC78,2001,21.90911579
SAM45,2001,21.91429186
SAM45,1985,21.92860715
ANWC132,2005,21.96748638
ANWC133,2005,21.96748638
SAM28,1984,21.97016144
ANWC81,1987,21.97296127
ANWC77,1994,21.97390779
ANWC81,1985,21.9863743
ANWC100,1976,21.98705406
ANWC77,1988,21.99341464
ANWC81,1995,22.00242631
ANWC81,2001,22.01909987
ANWC75,1993,22.01928107
SAM17,1993,22.03477335
SAM18,1993,22.03477335
SAM45,1984,22.03629208
ANWC75,1997,22.03958965
WAM58,1997,22.05303351
ANWC75,1990,22.05616903
SAM17,1997,22.05782994
SAM18,1997,22.05782994
ANWC168,2007,22.07758006
ANWC170,1999,22.07853039
SAM8,1984,22.08259026
SAM8,1985,22.08293311
ANWC77,1997,22.09187825
ANWC77,1996,22.09244585
SAM44,2001,22.10836888
WAM58,1994,22.11534023
SAM12,1984,22.12006688
SAM46,1989,22.12393618
ANWC78,1982,22.12606895
WAM58,1985,22.12653415
WAM58,1987,22.13485591
ANWC170,1994,22.15132499
ANWC81,1994,22.15326103
SAM12,1985,22.15791829
SAM46,2001,22.16737429
WAM58,2001,22.16741625
WAM58,1995,22.16866302
SAM28,2001,22.18538491
ANWC170,2007,22.18652391
ANWC168,1997,22.18926668
ANWC81,1998,22.2051425
SAM11,1984,22.21005106
ANWC81,2000,22.2132508
SAM17,1996,22.21599507
SAM18,1996,22.21599507
SAM17,1998,22.22078435
SAM18,1998,22.22078435
SAM16,1984,22.22861203
ANWC168,1992,22.23233477
WAM58,2003,22.24422852
ANWC81,1983,22.25050108
ANWC78,1995,22.25520436
SAM11,1985,22.25575336
SAM28,1989,22.26399024
ANWC77,1990,22.28803714
ANWC77,1991,22.29117036
ANWC170,1992,22.29926117
SAM17,1990,22.30581824
SAM18,1990,22.30581824
SAM16,1985,22.32039062
WAM58,1998,22.32816688
SAM46,1985,22.33138959
SAM8,1978,22.34445175
ANWC170,1997,22.35476136
SAM28,1985,22.35679261
ANWC170,1996,22.36641582
SAM12,1978,22.37098805
SAM8,1982,22.37697593
SAM44,1989,22.38670492
ANWC75,1998,22.39128892
WAM58,2002,22.40374358
ANWC168,1996,22.4100105
SAM44,1985,22.41243792
ANWC168,2006,22.42569876
SAM8,1992,22.42824856
SAM12,1994,22.43180847
ANWC168,2009,22.43315736
ANWC168,2001,22.43717297
WAM58,2000,22.43811433
ANWC115,1991,22.43901356
SAM8,1994,22.44472814
SAM12,1982,22.46248555
SAM12,1992,22.47032301
SAM11,1978,22.47341808
SAM14,1984,22.47358839
SAM15,1984,22.47358839
SAM8,1989,22.47988566
SAM11,1992,22.51683402
SAM38,1987,22.5185379
SAM16,1994,22.52025231
SAM11,1994,22.53030213
ANWC78,1997,22.5387001
SAM12,1989,22.55124283
ANWC170,2009,22.55899223
ANWC81,1999,22.56387742
SAM16,1992,22.56583603
SAM17,1991,22.56617546
SAM18,1991,22.56617546
SAM8,1995,22.57349539
ANWC170,2006,22.57461755
ANWC75,1991,22.57990042
SAM8,1986,22.58662868
ANWC168,1995,22.59599837
SAM12,1995,22.60746352
SAM12,1986,22.6150976
SAM14,1985,22.63303812
SAM15,1985,22.63303812
ANWC168,1998,22.64153004
SAM11,1986,22.64249031
ANWC78,2002,22.64796791
ANWC115,1993,22.649628
SAM17,1980,22.65013123
SAM18,1980,22.65013123
SAM46,1984,22.65241814
ANWC75,1996,22.65298526
SAM11,1989,22.65413197
SAM16,1986,22.65450652
SAM16,1989,22.67463779
ANWC170,1995,22.67954421
SAM11,1995,22.68070793
ANWC170,1998,22.68558025
SAM8,1987,22.68691134
ANWC130,1988,22.69767761
SAM8,1983,22.70029314
SAM14,1994,22.71877615
SAM15,1994,22.71877615
ANWC131,1988,22.72094574
ANWC78,1992,22.72157463
ANWC168,2004,22.72787722
SAM16,1995,22.72824081
SAM12,1983,22.73549596
ANWC78,1993,22.73782269
ANWC116,1990,22.73809997
ANWC81,1988,22.74573247
ANWC78,1989,22.74661096
ANWC77,1998,22.74736452
SAM11,1982,22.74943058
ANWC81,1996,22.75432102
SAM12,1987,22.75629441
ANWC170,2001,22.76643689
SAM16,1982,22.80481362
WAM58,1996,22.81909831
ANWC170,1991,22.82603923
ANWC168,1991,22.82670667
SAM14,1992,22.83948278
SAM15,1992,22.83948278
WAM58,1988,22.84571505
SAM11,1987,22.84958871
ANWC128,1988,22.85026894
SAM8,1979,22.86688105
ANWC78,1984,22.87874031
SAM16,1987,22.89508987
SAM14,1986,22.9040672
SAM15,1986,22.9040672
SAM8,1988,22.90464107
SAM14,1989,22.90557551
SAM15,1989,22.90557551
SAM8,1981,22.90645186
WAM58,1999,22.91770776
SAM12,1979,22.93260034
SAM11,1983,22.93664996
ANWC115,2009,22.93672024
SAM16,1983,22.9399689
ANWC115,1995,22.94236541
SAM12,1981,22.95529986
ANWC168,1993,22.96322433
ANWC115,1999,22.96401501
SAM8,1993,22.96407652
SAM11,1979,22.96707281
ANWC129,1988,22.98698845
SAM12,1993,22.99081318
SAM12,1988,22.99170923
SAM14,1995,22.99313641
SAM15,1995,22.99313641
ANWC170,1993,22.99977652
ANWC170,2004,23.0225668
ANWC78,1988,23.04214525
SAM8,1996,23.05144993
SAM11,1993,23.05201657
ANWC78,1987,23.05535197
SAM14,1982,23.06131013
SAM15,1982,23.06131013
SAM16,1979,23.06162206
SAM11,1981,23.06227509
ANWC116,2004,23.06963785
SAM16,1981,23.08187691
SAM16,1993,23.08189646
ANWC78,1986,23.08431077
SAM12,1996,23.08507538
ANWC116,1992,23.08706689
SAM11,1996,23.09410636
ANWC168,2003,23.09775019
WAM63,1999,23.10018524
WAM64,1999,23.10018524
ANWC134,1988,23.1109787
ANWC168,2002,23.11117013
SAM16,1996,23.13435912
SAM14,1983,23.13462973
SAM15,1983,23.13462973
SAM11,1988,23.14358004
ANWC116,2008,23.15490659
SAM14,1987,23.16852752
SAM15,1987,23.16852752
ANWC170,2002,23.17062378
ANWC170,2003,23.19021638
SAM16,1988,23.19365334
WAM63,2000,23.19413249
WAM64,2000,23.19413249
SAM16,1997,23.2294511
ANWC168,2005,23.27945296
ANWC78,1985,23.28362926
SAM14,1981,23.30715036
SAM15,1981,23.30715036
ANWC170,2005,23.3265632
SAM14,1993,23.3426106
SAM15,1993,23.3426106
ANWC135,1988,23.37284966
ANWC136,1988,23.37284966
SAM14,1979,23.38915992
SAM15,1979,23.38915992
WAM63,2005,23.39534081
WAM64,2005,23.39534081
SAM20,1977,23.40725709
SAM21,1977,23.40725709
SAM8,1990,23.40905372
ANWC115,2003,23.40977144
ANWC116,1998,23.41259289
SAM14,1996,23.41756837
SAM15,1996,23.41756837
SAM12,1990,23.4256738
ANWC116,2006,23.44103749
ANWC78,1996,23.4550786
SAM16,1990,23.46145487
SAM14,1988,23.46935932
SAM15,1988,23.46935932
SAM12,1991,23.47521941
SAM8,1991,23.47783613
ANWC78,1990,23.48936733
SAM16,1991,23.4909366
ANWC132,1988,23.4987751
ANWC133,1988,23.4987751
ANWC115,2007,23.50042168
SAM14,1997,23.50733956
SAM15,1997,23.50733956
SAM11,1990,23.50823593
ANWC78,1994,23.50912325
SAM11,1991,23.52513377
ANWC115,2005,23.53011505
ANWC78,1983,23.53588835
SAM14,1990,23.59630624
SAM15,1990,23.59630624
SAM8,1980,23.59795841
SAM12,1980,23.62889258
SAM14,1991,23.64927928
SAM15,1991,23.64927928
WAM63,2001,23.65688117
WAM64,2001,23.65688117
SAM11,1980,23.68252977
ANWC115,1997,23.68974972
ANWC116,1991,23.70191622
ANWC116,2002,23.71728118
SAM16,1980,23.72188679
WAM63,1995,23.78679848
WAM64,1995,23.78679848
ANWC115,2001,23.81414406
ANWC78,1998,23.83086586
ANWC116,1994,23.85242073
ANWC81,2002,23.89884949
ANWC115,1990,23.92801921
ANWC116,2009,23.96106061
ANWC116,1993,23.9626658
SAM14,1980,23.96757952
SAM15,1980,23.96757952
ANWC78,1991,24.05669705
ANWC110,1978,24.0790329
ANWC163,2010,24.13386181
ANWC116,2000,24.16042042
ANWC162,2010,24.17933627
ANWC158,2010,24.18052128
ANWC159,2010,24.18052128
WAM63,2004,24.19856437
WAM64,2004,24.19856437
ANWC116,1999,24.22543971
ANWC116,1996,24.23138491
SAM41,1992,24.26048089
ANWC115,2008,24.27748712
WAM63,1992,24.30335323
WAM64,1992,24.30335323
WAM63,1997,24.30507803
WAM64,1997,24.30507803
ANWC115,1992,24.3495663
ANWC160,2010,24.37914739
ANWC161,2010,24.37914739
WAM63,1993,24.39967672
WAM64,1993,24.39967672
ANWC115,2004,24.41049814
ANWC116,1995,24.423817
WAM63,1989,24.44102017
WAM64,1989,24.44102017
ANWC144,2009,24.55197607
ANWC79,1999,24.58428001
WAM63,1986,24.60970736
WAM64,1986,24.60970736
ANWC118,1989,24.61451435
ANWC116,2003,24.61944882
ANWC79,2000,24.64266888
ANWC116,2007,24.64948066
ANWC115,2006,24.65972042
ANWC115,1998,24.68934012
WAM63,1988,24.69826094
WAM64,1988,24.69826094
WAM63,2003,24.72182115
WAM64,2003,24.72182115
WAM56,2004,24.7894143
WAM57,2004,24.7894143
ANWC116,2005,24.79194339
ANWC80,1999,24.8368837
ANWC80,2000,24.84504827
WAM63,1987,24.84883102
WAM64,1987,24.84883102
ANWC79,1982,24.89760065
ANWC116,1997,24.94902388
WAM63,2002,24.96180757
WAM64,2002,24.96180757
ANWC79,2001,24.99767113
WAM56,1995,25.01417716
WAM57,1995,25.01417716
WAM56,1992,25.021324
WAM57,1992,25.021324
ANWC163,1994,25.02143574
WAM56,1986,25.04441754
WAM57,1986,25.04441754
ANWC80,1982,25.05476332
WAM63,1994,25.06412045
WAM64,1994,25.06412045
WAM63,1990,25.06916706
WAM64,1990,25.06916706
ANWC80,2001,25.0836045
ANWC79,1995,25.09294891
ANWC162,1994,25.09415388
ANWC163,2000,25.13103946
ANWC109,1977,25.1360232
ANWC79,1992,25.17217747
ANWC162,2000,25.1839579
ANWC115,1994,25.18723281
ANWC115,2002,25.2100234
ANWC158,2000,25.23390293
ANWC159,2000,25.23390293
WAM63,1996,25.26082834
WAM64,1996,25.26082834
WAM56,1993,25.26532523
WAM57,1993,25.26532523
WAM56,2001,25.27191146
WAM57,2001,25.27191146
WAM63,1998,25.28261455
WAM64,1998,25.28261455
ANWC116,2001,25.30177871
WAM56,1990,25.30862602
WAM57,1990,25.30862602
ANWC80,1995,25.32315207
ANWC163,2001,25.38138692
ANWC160,2000,25.39059591
ANWC161,2000,25.39059591
ANWC115,2000,25.40370003
ANWC163,2006,25.40442133
ANWC79,1984,25.42082532
ANWC158,1994,25.42210277
ANWC159,1994,25.42210277
ANWC160,1994,25.42259105
ANWC161,1994,25.42259105
ANWC162,2001,25.4413174
ANWC158,2001,25.47103469
ANWC159,2001,25.47103469
ANWC162,2006,25.47281106
WAM56,1991,25.50225862
WAM57,1991,25.50225862
WAM56,1997,25.50663789
WAM57,1997,25.50663789
ANWC117,1989,25.51370716
WAM56,1987,25.51825492
WAM57,1987,25.51825492
WAM63,1991,25.52748823
WAM64,1991,25.52748823
WAM59,1994,25.55345917
WAM60,1994,25.55345917
WAM56,2000,25.55705468
WAM57,2000,25.55705468
WAM56,1999,25.55836948
WAM57,1999,25.55836948
WAM56,1989,25.58871126
WAM57,1989,25.58871126
ANWC115,1996,25.59052467
ANWC158,2006,25.59450642
ANWC159,2006,25.59450642
WAM55,1972,25.60645485
ANWC79,1993,25.60846615
ANWC145,2010,25.60969108
ANWC146,2010,25.60969108
ANWC79,1986,25.61591991
ANWC163,1999,25.61762333
ANWC79,1997,25.66652107
ANWC163,2008,25.67931461
WAM56,1985,25.68010171
WAM57,1985,25.68010171
ANWC162,1999,25.6816632
ANWC160,2001,25.68279441
ANWC161,2001,25.68279441
ANWC158,1999,25.73643525
ANWC159,1999,25.73643525
ANWC150,2010,25.74184254
ANWC162,2008,25.76036294
ANWC152,2010,25.77258764
ANWC153,2010,25.77258764
ANWC154,2010,25.77258764
ANWC108,1977,25.77922948
ANWC79,1989,25.83215555
ANWC80,1984,25.83616527
ANWC66,2001,25.85944538
ANWC67,2001,25.85944538
ANWC79,1990,25.87672082
ANWC141,2009,25.88049153
ANWC142,2009,25.88049153
ANWC143,2009,25.88049153
ANWC160,2006,25.88330396
ANWC161,2006,25.88330396
ANWC80,1997,25.91574049
ANWC144,2000,25.92046261
ANWC144,2006,25.93197362
WAM59,1999,25.93969552
WAM60,1999,25.93969552
ANWC158,2008,25.94009463
ANWC159,2008,25.94009463
ANWC80,1989,25.94146602
ANWC163,2004,25.95012363
ANWC160,1999,25.95847114
ANWC161,1999,25.95847114
ANWC163,1997,25.96515942
ANWC155,2010,25.97684751
ANWC156,2010,25.97684751
ANWC144,1999,25.97747914
WAM56,2003,25.97783327
WAM57,2003,25.97783327
ANWC80,1992,25.98382076
WAM56,1994,25.98696963
WAM57,1994,25.98696963
ANWC66,2000,25.98880307
ANWC67,2000,25.98880307
ANWC145,1994,25.99042352
ANWC146,1994,25.99042352
ANWC80,1993,25.9930172
ANWC163,2007,25.9949007
WAM59,2000,26.01398547
WAM60,2000,26.01398547
ANWC157,2010,26.02673585
ANWC162,2004,26.02926366
ANWC162,1997,26.03298362
ANWC158,1993,26.04168161
ANWC159,1993,26.04168161
ANWC68,2001,26.05098324
ANWC69,2001,26.05098324
ANWC79,1985,26.05598386
ANWC162,2007,26.06629801
ANWC147,2010,26.08640289
ANWC148,2010,26.08640289
ANWC151,2010,26.08640289
ANWC145,2000,26.09568024
ANWC146,2000,26.09568024
ANWC68,2000,26.09976642
ANWC69,2000,26.09976642
ANWC158,1997,26.10157744
ANWC159,1997,26.10157744
ANWC163,1993,26.11301279
ANWC80,1986,26.11369149
WAM59,1985,26.14309049
WAM60,1985,26.14309049
ANWC163,2002,26.14630524
ANWC137,2009,26.14661462
ANWC138,2009,26.14661462
ANWC79,1987,26.1470356
ANWC139,2009,26.14753941
ANWC163,2003,26.15119457
ANWC145,2008,26.15437635
ANWC146,2008,26.15437635
ANWC163,1996,26.16649342
ANWC162,1993,26.16653729
ANWC145,2006,26.17353424
ANWC146,2006,26.17353424
ANWC79,1988,26.17664798
WAM59,1997,26.19516261
WAM60,1997,26.19516261
ANWC162,2002,26.21470674
ANWC158,2004,26.21532536
ANWC159,2004,26.21532536
ANWC145,1999,26.21537145
ANWC146,1999,26.21537145
ANWC162,2003,26.21563419
ANWC79,1994,26.21910715
ANWC144,1994,26.22122224
ANWC158,2007,26.23712683
ANWC159,2007,26.23712683
ANWC158,2003,26.23871883
ANWC159,2003,26.23871883
ANWC162,1996,26.24481058
ANWC158,2002,26.26708539
ANWC159,2002,26.26708539
WAM56,1996,26.27107525
WAM57,1996,26.27107525
ANWC163,1995,26.27388827
ANWC160,1993,26.27888966
ANWC161,1993,26.27888966
ANWC160,1997,26.27912029
ANWC161,1997,26.27912029
ANWC80,1985,26.27948427
ANWC160,2008,26.28040203
ANWC161,2008,26.28040203
ANWC79,1998,26.28464143
ANWC66,1999,26.2846427
ANWC67,1999,26.2846427
WAM59,1996,26.28802506
WAM60,1996,26.28802506
ANWC112,2004,26.29557843
ANWC158,1995,26.29599253
ANWC159,1995,26.29599253
ANWC158,1996,26.30476062
ANWC159,1996,26.30476062
WAM56,1988,26.30607398
WAM57,1988,26.30607398
WAM56,1998,26.3134807
WAM57,1998,26.3134807
ANWC144,2008,26.31859366
ANWC144,2004,26.33115196
WAM59,1995,26.33533382
WAM60,1995,26.33533382
ANWC79,2002,26.33848991
ANWC162,1995,26.3388923
ANWC66,1982,26.35336526
ANWC67,1982,26.35336526
ANWC144,2001,26.3721865
ANWC68,1999,26.40360721
ANWC69,1999,26.40360721
WAM56,2002,26.40623172
WAM57,2002,26.40623172
ANWC66,1994,26.41856559
ANWC67,1994,26.41856559
ANWC145,2001,26.4268748
ANWC146,2001,26.4268748
ANWC160,2004,26.43090232
ANWC161,2004,26.43090232
ANWC80,1988,26.43170865
ANWC68,1982,26.43585936
ANWC69,1982,26.43585936
WAM59,2004,26.43602943
WAM60,2004,26.43602943
ANWC80,1987,26.44890388
ANWC160,1995,26.4493556
ANWC161,1995,26.4493556
ANWC66,1984,26.45573235
ANWC67,1984,26.45573235
ANWC150,2000,26.4694171
ANWC79,1996,26.48123471
ANWC79,1991,26.48352877
ANWC160,2007,26.502045
ANWC161,2007,26.502045
ANWC68,1994,26.50330846
ANWC69,1994,26.50330846
ANWC66,1997,26.51613553
ANWC67,1997,26.51613553
ANWC85,1976,26.51624616
ANWC79,1983,26.51739534
ANWC144,1997,26.52136374
ANWC85,1977,26.52773666
ANWC80,1983,26.52959458
ANWC139,2000,26.53570207
ANWC160,2003,26.53792191
ANWC161,2003,26.53792191
WAM59,2001,26.53867881
WAM60,2001,26.53867881
ANWC68,1984,26.54092232
ANWC69,1984,26.54092232
ANWC137,2000,26.54791578
ANWC138,2000,26.54791578
ANWC141,1994,26.55892022
ANWC142,1994,26.55892022
ANWC143,1994,26.55892022
ANWC84,1976,26.57598845
ANWC85,1974,26.58189424
WAM59,1991,26.58289925
WAM60,1991,26.58289925
ANWC113,2009,26.58346639
ANWC140,2009,26.58346639
WAM59,2002,26.60281197
WAM60,2002,26.60281197
ANWC80,1994,26.60437616
ANWC84,1977,26.61182976
ANWC145,2007,26.6241978
ANWC146,2007,26.6241978
ANWC145,2004,26.62481546
ANWC146,2004,26.62481546
ANWC144,2002,26.62986485
ANWC68,1997,26.63434871
ANWC69,1997,26.63434871
ANWC150,2001,26.63658094
ANWC84,1974,26.64446338
ANWC141,1999,26.64625979
ANWC142,1999,26.64625979
ANWC143,1999,26.64625979
ANWC141,2006,26.6517361
ANWC142,2006,26.6517361
ANWC143,2006,26.6517361
ANWC66,1985,26.65258344
ANWC67,1985,26.65258344
ANWC160,2002,26.65458171
ANWC161,2002,26.65458171
ANWC160,1996,26.65489817
ANWC161,1996,26.65489817
ANWC163,1991,26.65908036
ANWC80,1991,26.66362079
ANWC139,2006,26.6642189
ANWC141,2000,26.66443205
ANWC142,2000,26.66443205
ANWC143,2000,26.66443205
ANWC137,2006,26.67278846
ANWC138,2006,26.67278846
ANWC85,1972,26.68118366
ANWC68,1985,26.68971252
ANWC69,1985,26.68971252
ANWC66,1995,26.69705915
ANWC67,1995,26.69705915
ANWC85,1971,26.70380958
ANWC150,2006,26.7093358
WAM59,1986,26.71481737
WAM60,1986,26.71481737
WAM59,1987,26.7214338
WAM60,1987,26.7214338
WAM59,2003,26.72775873
WAM60,2003,26.72775873
ANWC162,1991,26.72931026
ANWC152,2000,26.73387162
ANWC153,2000,26.73387162
ANWC154,2000,26.73387162
ANWC163,2009,26.7357475
WAM59,2005,26.7416954
WAM60,2005,26.7416954
ANWC147,2000,26.7503082
ANWC148,2000,26.7503082
ANWC151,2000,26.7503082
ANWC158,1991,26.75236673
ANWC159,1991,26.75236673
WAM59,1990,26.75245508
WAM60,1990,26.75245508
ANWC66,1989,26.75579882
ANWC67,1989,26.75579882
ANWC80,2002,26.75927887
ANWC80,1996,26.76651732
ANWC80,1990,26.77542687
ANWC84,1971,26.78718281
ANWC84,1972,26.78748131
ANWC144,2003,26.79194307
ANWC80,1998,26.79423714
ANWC66,1991,26.79584583
ANWC67,1991,26.79584583
ANWC150,1999,26.80655289
ANWC68,1995,26.8182799
ANWC69,1995,26.8182799
ANWC162,2009,26.82276615
ANWC145,1997,26.82444175
ANWC146,1997,26.82444175
ANWC152,2001,26.82635641
ANWC153,2001,26.82635641
ANWC154,2001,26.82635641
ANWC68,1989,26.82783763
ANWC69,1989,26.82783763
ANWC137,1999,26.85478354
ANWC138,1999,26.85478354
ANWC68,1991,26.86014764
ANWC69,1991,26.86014764
ANWC144,1991,26.87029854
ANWC66,1990,26.87436962
ANWC67,1990,26.87436962
ANWC145,1996,26.87796783
ANWC146,1996,26.87796783
ANWC139,1999,26.88011042
ANWC160,1991,26.88022687
ANWC161,1991,26.88022687
WAM59,1993,26.88204511
WAM60,1993,26.88204511
ANWC66,1996,26.8870155
ANWC67,1996,26.8870155
ANWC68,1990,26.89650917
ANWC69,1990,26.89650917
ANWC155,2000,26.90064716
ANWC156,2000,26.90064716
ANWC141,2008,26.90184863
ANWC142,2008,26.90184863
ANWC143,2008,26.90184863
ANWC66,1983,26.91543102
ANWC67,1983,26.91543102
ANWC152,2006,26.92711385
ANWC153,2006,26.92711385
ANWC154,2006,26.92711385
ANWC147,2001,26.93164015
ANWC148,2001,26.93164015
ANWC151,2001,26.93164015
ANWC119,2011,26.93561713
ANWC66,1992,26.9427762
ANWC67,1992,26.9427762
ANWC157,2000,26.94484584
WAM59,1992,26.95912027
WAM60,1992,26.95912027
ANWC144,2007,26.95953146
ANWC139,2001,26.96337541
ANWC85,1982,26.96359476
ANWC137,2001,26.96436628
ANWC138,2001,26.96436628
ANWC113,2000,26.97721545
ANWC140,2000,26.97721545
ANWC85,1985,26.97784678
ANWC68,1983,26.97986396
ANWC69,1983,26.97986396
ANWC119,1999,26.98518372
ANWC66,1993,26.98750242
ANWC67,1993,26.98750242
ANWC155,2001,26.99775394
ANWC156,2001,26.99775394
ANWC68,1992,26.999554
ANWC69,1992,26.999554
ANWC150,2008,27.00014527
ANWC144,1995,27.00186412
ANWC66,1987,27.00324361
ANWC67,1987,27.00324361
ANWC85,1984,27.00429916
ANWC68,1996,27.00751082
ANWC69,1996,27.00751082
ANWC147,2006,27.02595488
ANWC148,2006,27.02595488
ANWC151,2006,27.02595488
ANWC163,2005,27.03143406
ANWC144,1996,27.03549337
ANWC85,1979,27.03797356
ANWC157,2001,27.04716047
ANWC139,1994,27.0512344
ANWC150,1994,27.05366325
ANWC68,1993,27.05858739
ANWC69,1993,27.05858739
ANWC113,1999,27.05890258
ANWC140,1999,27.05890258
ANWC145,2002,27.06468519
ANWC146,2002,27.06468519
ANWC137,2008,27.0658528
ANWC138,2008,27.0658528
ANWC141,1991,27.07262071
ANWC142,1991,27.07262071
ANWC143,1991,27.07262071
ANWC137,1994,27.07883263
ANWC138,1994,27.07883263
ANWC150,1997,27.07887634
ANWC137,2004,27.08665339
ANWC138,2004,27.08665339
ANWC152,1999,27.0877738
ANWC153,1999,27.0877738
ANWC154,1999,27.0877738
ANWC147,1999,27.08827543
ANWC148,1999,27.08827543
ANWC151,1999,27.08827543
ANWC68,1987,27.09434589
ANWC69,1987,27.09434589
ANWC85,1975,27.09620746
ANWC155,2006,27.09765498
ANWC156,2006,27.09765498
ANWC113,1994,27.10069116
ANWC140,1994,27.10069116
ANWC139,2004,27.10349766
ANWC139,2008,27.10684649
ANWC162,2005,27.10990842
ANWC84,1979,27.11498117
ANWC141,2001,27.11571503
ANWC142,2001,27.11571503
ANWC143,2001,27.11571503
ANWC158,2009,27.1160779
ANWC159,2009,27.1160779
ANWC150,2004,27.11654377
ANWC84,1982,27.12084611
ANWC84,1984,27.12092765
ANWC157,2006,27.12932317
ANWC141,2007,27.13361247
ANWC142,2007,27.13361247
ANWC143,2007,27.13361247
ANWC145,1995,27.13429785
ANWC146,1995,27.13429785
WAM59,1989,27.13742161
WAM60,1989,27.13742161
ANWC145,1993,27.13840214
ANWC146,1993,27.13840214
SAM17,1979,27.14431477
SAM18,1979,27.14431477
ANWC150,1996,27.15133508
ANWC150,1995,27.17373021
ANWC141,2004,27.18249989
ANWC142,2004,27.18249989
ANWC143,2004,27.18249989
ANWC141,2002,27.19082657
ANWC142,2002,27.19082657
ANWC143,2002,27.19082657
ANWC141,1997,27.19631449
ANWC142,1997,27.19631449
ANWC143,1997,27.19631449
ANWC84,1975,27.19904216
ANWC137,2007,27.19992987
ANWC138,2007,27.19992987
ANWC150,2003,27.20042086
ANWC170,1990,27.20322514
ANWC84,1985,27.21221304
ANWC145,2003,27.21510188
ANWC146,2003,27.21510188
ANWC152,1994,27.21609736
ANWC153,1994,27.21609736
ANWC154,1994,27.21609736
ANWC150,1991,27.21770712
ANWC112,2000,27.2204752
ANWC139,2007,27.25349299
ANWC155,1999,27.25353241
ANWC156,1999,27.25353241
ANWC145,2009,27.25417217
ANWC146,2009,27.25417217
ANWC158,2005,27.26831563
ANWC159,2005,27.26831563
ANWC150,1993,27.27399763
ANWC163,1998,27.27560234
ANWC152,2008,27.27950366
ANWC153,2008,27.27950366
ANWC154,2008,27.27950366
ANWC112,1985,27.28145838
ANWC139,2002,27.28849045
ANWC157,1999,27.28912083
WAM59,1998,27.29289611
WAM60,1998,27.29289611
ANWC137,2002,27.29582421
ANWC138,2002,27.29582421
ANWC152,1997,27.29878378
ANWC153,1997,27.29878378
ANWC154,1997,27.29878378
ANWC147,2008,27.30800819
ANWC148,2008,27.30800819
ANWC151,2008,27.30800819
ANWC152,2004,27.31409311
ANWC153,2004,27.31409311
ANWC154,2004,27.31409311
ANWC162,1998,27.3334686
ANWC141,1996,27.33873542
ANWC142,1996,27.33873542
ANWC143,1996,27.33873542
ANWC137,1997,27.34567483
ANWC138,1997,27.34567483
ANWC147,1994,27.3513875
ANWC148,1994,27.3513875
ANWC151,1994,27.3513875
ANWC145,1991,27.35206355
ANWC146,1991,27.35206355
ANWC160,2009,27.35507059
ANWC161,2009,27.35507059
ANWC113,2006,27.36320003
ANWC140,2006,27.36320003
ANWC158,1998,27.36892208
ANWC159,1998,27.36892208
ANWC139,1997,27.37166929
ANWC147,1997,27.37339783
ANWC148,1997,27.37339783
ANWC151,1997,27.37339783
ANWC85,1978,27.37441015
ANWC119,2006,27.37646198
ANWC85,1980,27.38396025
ANWC152,1995,27.38527807
ANWC153,1995,27.38527807
ANWC154,1995,27.38527807
ANWC141,1995,27.39092763
ANWC142,1995,27.39092763
ANWC143,1995,27.39092763
ANWC119,1997,27.3923974
ANWC160,1992,27.39737431
ANWC161,1992,27.39737431
ANWC145,2005,27.40918255
ANWC146,2005,27.40918255
ANWC66,1998,27.41647116
ANWC67,1998,27.41647116
ANWC147,2004,27.4222277
ANWC148,2004,27.4222277
ANWC151,2004,27.4222277
ANWC147,1996,27.42244514
ANWC148,1996,27.42244514
ANWC151,1996,27.42244514
ANWC152,2003,27.42899815
ANWC153,2003,27.42899815
ANWC154,2003,27.42899815
ANWC150,2007,27.43013287
ANWC155,1994,27.43631442
ANWC156,1994,27.43631442
ANWC163,1992,27.43874137
ANWC85,1983,27.43990676
ANWC155,2008,27.44565058
ANWC156,2008,27.44565058
ANWC84,1973,27.44819943
ANWC158,1992,27.44959879
ANWC159,1992,27.44959879
ANWC147,1995,27.45567226
ANWC148,1995,27.45567226
ANWC151,1995,27.45567226
ANWC152,1991,27.4630529
ANWC153,1991,27.4630529
ANWC154,1991,27.4630529
ANWC139,1996,27.46398814
ANWC157,2008,27.46460787
ANWC155,1997,27.46648423
ANWC156,1997,27.46648423
ANWC137,1995,27.46738752
ANWC138,1995,27.46738752
ANWC160,2005,27.4675436
ANWC161,2005,27.4675436
ANWC85,1973,27.4684
ANWC137,1996,27.47299846
ANWC138,1996,27.47299846
ANWC157,1994,27.47529125
ANWC84,1978,27.47538265
ANWC155,2004,27.4764603
ANWC156,2004,27.4764603
ANWC152,1993,27.4781402
ANWC153,1993,27.4781402
ANWC154,1993,27.4781402
ANWC139,1995,27.48053408
ANWC119,1996,27.48637231
ANWC113,1991,27.49315977
ANWC140,1991,27.49315977
ANWC106,1977,27.4944814
ANWC107,1977,27.4944814
ANWC162,1992,27.49478499
ANWC147,2003,27.49654452
ANWC148,2003,27.49654452
ANWC151,2003,27.49654452
ANWC147,1991,27.49772776
ANWC148,1991,27.49772776
ANWC151,1991,27.49772776
ANWC113,2001,27.4995513
ANWC140,2001,27.4995513
ANWC152,1996,27.50292667
ANWC153,1996,27.50292667
ANWC154,1996,27.50292667
ANWC144,2005,27.50593646
ANWC105,1977,27.51296107
ANWC157,1997,27.51356602
ANWC68,1998,27.51674064
ANWC69,1998,27.51674064
ANWC141,1990,27.51960882
ANWC142,1990,27.51960882
ANWC143,1990,27.51960882
ANWC157,2004,27.52474833
ANWC84,1980,27.52902921
ANWC160,1998,27.53248851
ANWC161,1998,27.53248851
ANWC141,1992,27.53964981
ANWC142,1992,27.53964981
ANWC143,1992,27.53964981
ANWC113,2008,27.54473194
ANWC140,2008,27.54473194
ANWC113,2002,27.5448707
ANWC140,2002,27.5448707
ANWC112,1999,27.54868714
ANWC155,1995,27.55062707
ANWC156,1995,27.55062707
ANWC119,2015,27.55950241
ANWC119,2000,27.56390778
ANWC147,1993,27.56492376
ANWC148,1993,27.56492376
ANWC151,1993,27.56492376
ANWC84,1983,27.56643105
ANWC155,2003,27.58769576
ANWC156,2003,27.58769576
ANWC119,2012,27.59317764
ANWC157,1995,27.60755936
ANWC155,1991,27.61321244
ANWC156,1991,27.61321244
ANWC85,1970,27.62501653
ANWC152,2007,27.6267422
ANWC153,2007,27.6267422
ANWC154,2007,27.6267422
ANWC137,2003,27.63009946
ANWC138,2003,27.63009946
ANWC66,1986,27.63085524
ANWC67,1986,27.63085524
ANWC139,2003,27.63097096
ANWC157,2003,27.6314648
WAM59,1988,27.63727713
WAM60,1988,27.63727713
ANWC155,1996,27.64875873
ANWC156,1996,27.64875873
ANWC85,1981,27.64980761
ANWC155,1993,27.65720447
ANWC156,1993,27.65720447
ANWC85,1969,27.66069508
ANWC157,1991,27.66652841
ANWC68,1986,27.67841816
ANWC69,1986,27.67841816
ANWC115,1989,27.67983723
ANWC157,1996,27.68094762
ANWC137,1991,27.68253247
ANWC138,1991,27.68253247
ANWC84,1981,27.68444649
ANWC66,1988,27.69336812
ANWC67,1988,27.69336812
ANWC144,1993,27.69599676
ANWC157,1993,27.70432011
ANWC113,2004,27.70720021
ANWC140,2004,27.70720021
SAM16,1978,27.7089119
ANWC113,2007,27.71343152
ANWC140,2007,27.71343152
ANWC139,1991,27.71386226
ANWC112,1987,27.71652174
ANWC141,1993,27.71669976
ANWC142,1993,27.71669976
ANWC143,1993,27.71669976
ANWC113,1997,27.72964255
ANWC140,1997,27.72964255
ANWC84,1970,27.74993976
ANWC141,2003,27.7541248
ANWC142,2003,27.7541248
ANWC143,2003,27.7541248
ANWC147,2007,27.7545468
ANWC148,2007,27.7545468
ANWC151,2007,27.7545468
ANWC68,1988,27.75841999
ANWC69,1988,27.75841999
ANWC150,2009,27.76673047
ANWC112,1986,27.78432179
ANWC85,1987,27.79065561
ANWC144,1990,27.79572169
ANWC113,1996,27.80002403
ANWC140,1996,27.80002403
ANWC168,1990,27.80263615
ANWC155,2007,27.80409352
ANWC156,2007,27.80409352
ANWC137,2005,27.80602566
ANWC138,2005,27.80602566
ANWC150,1992,27.82107401
ANWC84,1969,27.82229122
ANWC139,2005,27.82716497
ANWC119,2007,27.82779741
ANWC119,2014,27.83074109
ANWC157,2007,27.83445215
ANWC112,1997,27.83979972
SAM14,1978,27.84271526
SAM15,1978,27.84271526
ANWC119,2004,27.84558042
ANWC119,2008,27.88072523
ANWC137,1990,27.88178714
ANWC138,1990,27.88178714
ANWC152,1992,27.89701843
ANWC153,1992,27.89701843
ANWC154,1992,27.89701843
ANWC137,1992,27.90498924
ANWC138,1992,27.90498924
ANWC150,2002,27.90900898
ANWC113,1995,27.90960582
ANWC140,1995,27.90960582
ANWC139,1993,27.91168165
ANWC137,1993,27.91676267
ANWC138,1993,27.91676267
ANWC113,1992,27.92195097
ANWC140,1992,27.92195097
ANWC144,1998,27.93391164
ANWC139,1990,27.94590219
ANWC144,1992,27.95657396
ANWC112,2001,27.95659129
ANWC139,1992,27.98245955
ANWC150,2005,27.99026426
ANWC145,1992,28.00114648
ANWC146,1992,28.00114648
ANWC85,1986,28.00715319
ANWC85,1988,28.02306519
ANWC141,1998,28.03438441
ANWC142,1998,28.03438441
ANWC143,1998,28.03438441
ANWC145,1998,28.03536161
ANWC146,1998,28.03536161
ANWC119,2001,28.04071871
ANWC84,1987,28.04480442
ANWC147,2009,28.04889965
ANWC148,2009,28.04889965
ANWC151,2009,28.04889965
ANWC113,1990,28.05699794
ANWC140,1990,28.05699794
ANWC152,2009,28.0636905
ANWC153,2009,28.0636905
ANWC154,2009,28.0636905
ANWC155,1992,28.06441212
ANWC156,1992,28.06441212
ANWC141,2005,28.07166115
ANWC142,2005,28.07166115
ANWC143,2005,28.07166115
ANWC112,1994,28.07436911
ANWC137,1998,28.09893529
ANWC138,1998,28.09893529
ANWC112,1996,28.10014963
ANWC147,1992,28.11840423
ANWC148,1992,28.11840423
ANWC151,1992,28.11840423
ANWC139,1998,28.11850802
ANWC157,1992,28.14756123
ANWC112,1991,28.15770117
ANWC147,2002,28.15902996
ANWC148,2002,28.15902996
ANWC151,2002,28.15902996
ANWC119,2002,28.16291984
ANWC112,2003,28.19680707
ANWC112,1995,28.20345767
ANWC152,2005,28.20642662
ANWC153,2005,28.20642662
ANWC154,2005,28.20642662
ANWC155,2009,28.20736361
ANWC156,2009,28.20736361
ANWC84,1986,28.22631757
ANWC84,1988,28.22714157
ANWC112,1989,28.23932473
ANWC157,2009,28.24529679
ANWC113,1993,28.28714307
ANWC140,1993,28.28714307
ANWC147,2005,28.294806
ANWC148,2005,28.294806
ANWC151,2005,28.294806
ANWC119,1998,28.30754169
ANWC137,1989,28.31365586
ANWC138,1989,28.31365586
SAM8,1977,28.31469059
ANWC152,2002,28.33986743
ANWC153,2002,28.33986743
ANWC154,2002,28.33986743
ANWC119,2013,28.34374142
ANWC119,2010,28.3442022
ANWC163,1990,28.36016083
ANWC155,2005,28.36362537
ANWC156,2005,28.36362537
ANWC139,1989,28.36454264
SAM12,1977,28.36676121
ANWC113,2003,28.37070608
ANWC140,2003,28.37070608
ANWC112,2002,28.3914175
ANWC119,2009,28.39197683
ANWC145,1990,28.39337654
ANWC146,1990,28.39337654
ANWC157,2005,28.41206106
ANWC119,2005,28.44513798
ANWC162,1990,28.44647179
ANWC141,1989,28.461236
ANWC142,1989,28.461236
ANWC143,1989,28.461236
SAM11,1977,28.46423197
ANWC158,1990,28.49795685
ANWC159,1990,28.49795685
ANWC119,2003,28.50142622
ANWC155,2002,28.50368102
ANWC156,2002,28.50368102
ANWC157,2002,28.52204307
ANWC113,1998,28.53666862
ANWC140,1998,28.53666862
ANWC112,1993,28.57731406
ANWC160,1990,28.6840229
ANWC161,1990,28.6840229
ANWC150,1998,28.69912513
ANWC144,1989,28.70243867
ANWC112,1988,28.76733637
ANWC113,2005,28.81467835
ANWC140,2005,28.81467835
ANWC112,1998,28.81505219
ANWC112,1990,28.84892591
ANWC150,1990,28.86757889
ANWC113,1989,28.89537684
ANWC140,1989,28.89537684
ANWC147,1998,28.96130832
ANWC148,1998,28.96130832
ANWC151,1998,28.96130832
ANWC116,1989,28.97580338
ANWC152,1998,29.02431695
ANWC153,1998,29.02431695
ANWC154,1998,29.02431695
WAM56,1984,29.12051201
WAM57,1984,29.12051201
ANWC147,1990,29.14659119
ANWC148,1990,29.14659119
ANWC151,1990,29.14659119
ANWC152,1990,29.15701141
ANWC153,1990,29.15701141
ANWC154,1990,29.15701141
ANWC155,1998,29.1923844
ANWC156,1998,29.1923844
ANWC157,1998,29.22828023
ANWC155,1990,29.30550499
ANWC156,1990,29.30550499
ANWC157,1990,29.35339813
ANWC112,1992,29.39152352
ANWC119,1995,29.74548276
WAM63,1985,29.77079344
WAM64,1985,29.77079344
ANWC112,1984,30.31887245
ANWC68,1981,30.89681117
ANWC69,1981,30.89681117
ANWC66,1981,30.96772448
ANWC67,1981,30.96772448
ANWC85,1968,31.26145045
ANWC84,1968,31.4971873
ANWC71,1978,31.88871384